date,price,open,high_price,low_price,volume,change_price
2023-03-31 00:00:00,1043.2,1061.0,1061.0,1042.0,571.72K,-1.68%
2023-03-30 00:00:00,1061.0,1074.6,1084.8,1058.0,1.30M,-1.27%
2023-03-29 00:00:00,1074.6,1040.6,1078.4,1035.4,1.79M,3.53%
2023-03-28 00:00:00,1038.0,1041.4,1044.0,1033.0,269.09K,-0.17%
2023-03-27 00:00:00,1039.8,1036.2,1042.6,1032.2,410.74K,0.50%
2023-03-24 00:00:00,1034.6,1041.6,1043.0,1028.0,360.85K,-0.44%
2023-03-23 00:00:00,1039.2,1046.0,1049.6,1038.0,289.63K,-0.73%
2023-03-22 00:00:00,1046.8,1036.2,1053.8,1033.2,415.70K,0.79%
2023-03-21 00:00:00,1038.6,1065.0,1065.0,1034.2,618.43K,-2.02%
2023-03-20 00:00:00,1060.0,1036.2,1062.0,1030.0,897.83K,2.55%
2023-03-17 00:00:00,1033.6,1033.0,1039.8,1023.0,671.77K,0.51%
2023-03-16 00:00:00,1028.4,1015.4,1031.8,1002.0,856.84K,0.88%
2023-03-15 00:00:00,1019.4,1036.0,1040.0,1010.8,844.08K,-1.60%
2023-03-14 00:00:00,1036.0,1041.4,1044.8,1035.0,554.68K,-0.58%
2023-03-13 00:00:00,1042.0,1053.0,1059.6,1033.8,723.20K,-0.97%
2023-03-10 00:00:00,1052.2,1048.0,1061.8,1044.6,637.77K,-0.04%
2023-03-09 00:00:00,1052.6,1060.0,1064.0,1048.2,437.91K,-0.30%
2023-03-07 00:00:00,1055.8,1053.0,1060.0,1045.2,519.46K,0.27%
2023-03-06 00:00:00,1053.0,1067.0,1070.2,1049.2,683.46K,-0.98%
2023-03-03 00:00:00,1063.4,1050.0,1065.0,1046.2,400.02K,1.37%
2023-03-02 00:00:00,1049.0,1061.0,1072.0,1032.0,1.09M,-1.08%
2023-03-01 00:00:00,1060.4,1057.0,1066.2,1047.2,647.38K,0.51%
2023-02-28 00:00:00,1055.0,1064.0,1074.8,1050.0,1.03M,-0.57%
2023-02-27 00:00:00,1061.0,1039.0,1062.0,1030.6,1.12M,1.86%
2023-02-24 00:00:00,1041.6,1025.8,1043.0,1021.6,993.88K,1.54%
2023-02-22 00:00:00,1025.8,1012.8,1032.0,1004.0,1.30M,1.28%
2023-02-21 00:00:00,1012.8,985.8,1018.4,981.0,1.38M,2.82%
2023-02-20 00:00:00,985.0,980.0,988.6,958.0,714.83K,0.96%
2023-02-17 00:00:00,975.6,971.0,988.2,957.4,622.29K,0.18%
2023-02-16 00:00:00,973.8,968.0,989.0,956.4,985.56K,0.95%
2023-02-15 00:00:00,964.6,991.6,998.4,948.4,1.48M,-3.15%
2023-02-14 00:00:00,996.0,1017.0,1019.6,991.4,926.91K,-1.97%
2023-02-13 00:00:00,1016.0,1020.0,1038.4,1015.0,724.12K,-0.45%
2023-02-10 00:00:00,1020.6,1008.0,1027.0,1000.0,894.15K,1.19%
2023-02-09 00:00:00,1008.6,980.6,1019.0,971.0,1.63M,2.69%
2023-02-08 00:00:00,982.2,999.0,1009.4,981.0,1.36M,-1.78%
2023-02-07 00:00:00,1000.0,1040.6,1045.0,992.2,1.74M,-3.38%
2023-02-06 00:00:00,1035.0,1016.2,1048.0,1006.0,1.51M,1.85%
2023-02-03 00:00:00,1016.2,992.2,1025.0,981.4,1.43M,1.91%
2023-02-02 00:00:00,997.2,981.6,1014.4,960.6,1.86M,2.11%
2023-02-01 00:00:00,976.6,931.0,977.0,925.8,1.66M,5.12%
2023-01-31 00:00:00,929.0,913.0,932.0,911.8,998.96K,1.77%
2023-01-30 00:00:00,912.8,896.6,917.6,894.0,688.13K,1.94%
2023-01-27 00:00:00,895.4,882.0,896.0,878.6,488.94K,1.59%
2023-01-26 00:00:00,881.4,876.0,883.8,871.4,306.49K,0.71%
2023-01-25 00:00:00,875.2,871.2,879.2,868.2,444.43K,0.00%
2023-01-24 00:00:00,875.2,894.0,898.0,872.0,442.75K,-1.88%
2023-01-23 00:00:00,892.0,887.0,893.8,882.2,333.78K,0.47%
2023-01-20 00:00:00,887.8,894.0,904.0,881.0,574.34K,-0.72%
2023-01-19 00:00:00,894.2,905.6,910.6,891.4,382.66K,-1.82%
2023-01-18 00:00:00,910.8,905.8,923.4,898.0,506.54K,0.77%
2023-01-17 00:00:00,903.8,922.6,927.8,902.0,663.91K,-1.97%
2023-01-16 00:00:00,922.0,890.8,927.8,890.8,784.45K,3.55%
2023-01-13 00:00:00,890.4,880.8,893.6,875.2,330.22K,1.14%
2023-01-12 00:00:00,880.4,880.0,885.0,869.8,415.68K,0.07%
2023-01-11 00:00:00,879.8,865.6,879.8,862.0,422.41K,1.88%
2023-01-10 00:00:00,863.6,872.0,872.0,860.0,403.57K,-1.03%
2023-01-09 00:00:00,872.6,887.2,892.8,862.2,835.93K,-1.33%
2023-01-06 00:00:00,884.4,882.0,894.0,878.4,328.17K,0.18%
2023-01-05 00:00:00,882.8,885.8,891.4,874.4,297.18K,-0.65%
2023-01-04 00:00:00,888.6,896.8,900.8,883.0,369.93K,-1.00%
2023-01-03 00:00:00,897.6,901.4,909.6,892.8,358.18K,-0.71%
2022-12-30 00:00:00,904.0,894.8,929.6,887.2,652.37K,1.78%
2022-12-29 00:00:00,888.2,889.8,896.0,883.0,327.86K,-0.07%
2022-12-28 00:00:00,888.8,907.4,909.6,882.8,694.90K,-2.05%
2022-12-27 00:00:00,907.4,895.4,907.8,889.6,588.57K,1.61%
2022-12-26 00:00:00,893.0,892.0,899.8,883.6,644.35K,0.50%
2022-12-23 00:00:00,888.6,884.4,900.0,874.4,469.74K,0.70%
2022-12-22 00:00:00,882.4,869.8,885.0,867.4,884.41K,1.54%
2022-12-21 00:00:00,869.0,888.6,891.8,864.2,1.48M,-1.90%
2022-12-20 00:00:00,885.8,872.0,892.0,870.2,1.06M,1.19%
2022-12-19 00:00:00,875.4,855.0,881.8,850.6,1.33M,2.53%
2022-12-16 00:00:00,853.8,837.4,858.2,835.8,804.16K,1.69%
2022-12-15 00:00:00,839.6,837.0,844.8,828.0,1.12M,0.17%
2022-12-14 00:00:00,838.2,839.0,845.0,833.2,611.74K,-0.40%
2022-12-13 00:00:00,841.6,821.0,848.8,820.6,1.47M,2.56%
2022-12-12 00:00:00,820.6,805.4,821.8,800.0,1.02M,1.94%
2022-12-09 00:00:00,805.0,801.0,816.0,794.6,528.63K,0.50%
2022-12-08 00:00:00,801.0,793.0,803.4,790.0,715.62K,1.11%
2022-12-07 00:00:00,792.2,782.0,795.8,778.6,432.93K,1.05%
2022-12-06 00:00:00,784.0,784.4,789.8,777.0,253.96K,0.46%
2022-12-05 00:00:00,780.4,776.2,787.6,771.0,349.68K,0.31%
2022-12-02 00:00:00,778.0,784.0,788.0,773.0,487.17K,-0.84%
2022-12-01 00:00:00,784.6,787.8,792.6,782.6,282.57K,-0.78%
2022-11-30 00:00:00,790.8,793.4,794.4,783.2,328.96K,-0.23%
2022-11-29 00:00:00,792.6,792.0,797.0,790.0,230.88K,0.13%
2022-11-28 00:00:00,791.6,783.4,792.8,780.8,271.41K,0.00%
2022-11-25 00:00:00,791.6,791.0,793.8,782.6,241.50K,-0.05%
2022-11-24 00:00:00,792.0,799.4,805.0,788.4,411.67K,-0.80%
2022-11-23 00:00:00,798.4,796.8,801.8,786.6,511.37K,1.11%
2022-11-22 00:00:00,789.6,776.0,793.4,768.4,579.23K,1.73%
2022-11-21 00:00:00,776.2,789.8,789.8,770.4,360.21K,-1.52%
2022-11-18 00:00:00,788.2,781.6,788.4,772.0,335.82K,0.36%
2022-11-17 00:00:00,785.4,791.4,796.0,780.8,343.88K,-0.78%
2022-11-16 00:00:00,791.6,773.2,799.8,771.0,548.17K,2.38%
2022-11-15 00:00:00,773.2,798.0,802.0,753.0,883.47K,-2.77%
2022-11-14 00:00:00,795.2,802.4,806.0,787.0,649.31K,-0.45%
2022-11-11 00:00:00,798.8,803.6,804.6,785.0,483.96K,-0.20%
2022-11-10 00:00:00,800.4,787.0,805.0,773.6,1.10M,1.91%
2022-11-09 00:00:00,785.4,814.6,819.8,777.0,1.38M,-4.50%
2022-11-08 00:00:00,822.4,824.0,837.0,807.0,1.10M,-0.19%
2022-11-07 00:00:00,824.0,787.4,830.0,787.4,1.55M,5.37%
2022-11-03 00:00:00,782.0,770.0,788.6,760.0,1.21M,1.56%
2022-11-02 00:00:00,770.0,790.0,790.0,760.2,579.03K,-2.43%
2022-11-01 00:00:00,789.2,792.8,798.4,775.8,861.12K,0.31%
2022-10-31 00:00:00,786.8,816.0,819.0,784.4,1.30M,-3.63%
2022-10-28 00:00:00,816.4,826.4,830.2,805.4,1.68M,-1.21%
2022-10-27 00:00:00,826.4,779.2,831.8,772.6,2.40M,6.00%
2022-10-26 00:00:00,779.6,757.8,784.6,745.4,1.65M,2.96%
2022-10-25 00:00:00,757.2,727.6,762.6,723.8,900.73K,4.07%
2022-10-24 00:00:00,727.6,731.2,743.6,712.6,1.36M,-0.63%
2022-10-21 00:00:00,732.2,687.0,736.8,676.8,2.02M,6.58%
2022-10-20 00:00:00,687.0,657.6,688.6,656.2,1.27M,5.08%
2022-10-19 00:00:00,653.8,644.2,656.2,636.8,1.13M,1.52%
2022-10-18 00:00:00,644.0,656.0,666.6,641.2,1.69M,-1.74%
2022-10-17 00:00:00,655.4,618.0,656.0,611.4,2.17M,6.40%
2022-10-14 00:00:00,616.0,592.8,616.0,586.0,1.51M,4.30%
2022-10-13 00:00:00,590.6,594.2,600.6,587.2,324.23K,-0.91%
2022-10-12 00:00:00,596.0,604.6,608.0,589.0,481.75K,-0.77%
2022-10-11 00:00:00,600.6,593.0,606.0,582.8,891.18K,1.35%
2022-10-10 00:00:00,592.6,565.0,595.0,560.0,768.83K,3.49%
2022-10-07 00:00:00,572.6,589.8,592.4,570.0,496.87K,-3.11%
2022-10-06 00:00:00,591.0,595.0,604.6,585.4,403.89K,-0.67%
2022-10-05 00:00:00,595.0,607.0,608.8,575.0,829.32K,-2.49%
2022-10-04 00:00:00,610.2,639.0,640.6,606.0,629.94K,-3.78%
2022-10-03 00:00:00,634.2,624.6,646.2,611.2,816.40K,1.96%
2022-09-30 00:00:00,622.0,583.0,626.4,561.0,1.44M,7.09%
2022-09-29 00:00:00,580.8,618.0,620.0,571.8,1.01M,-5.81%
2022-09-28 00:00:00,616.6,622.0,633.8,602.0,552.86K,-1.25%
2022-09-27 00:00:00,624.4,620.0,633.0,589.0,851.63K,3.04%
2022-09-26 00:00:00,606.0,690.4,693.0,599.2,1.78M,-13.48%
2022-09-23 00:00:00,700.4,724.0,724.0,687.2,816.48K,-3.29%
2022-09-22 00:00:00,724.2,701.0,734.6,701.0,730.89K,3.34%
2022-09-21 00:00:00,700.8,688.0,723.8,676.0,967.64K,-3.82%
2022-09-20 00:00:00,728.6,781.6,785.4,714.0,1.26M,-6.88%
2022-09-19 00:00:00,782.4,783.0,790.6,778.2,335.18K,0.13%
2022-09-16 00:00:00,781.4,773.0,784.0,773.0,389.70K,0.80%
2022-09-15 00:00:00,775.2,770.2,788.0,761.2,630.76K,0.73%
2022-09-14 00:00:00,769.6,777.8,777.8,756.6,576.11K,-1.05%
2022-09-13 00:00:00,777.8,782.2,783.6,772.2,442.49K,-0.28%
2022-09-12 00:00:00,780.0,780.0,793.0,777.0,624.53K,-0.36%
2022-09-09 00:00:00,782.8,780.2,783.0,773.2,489.10K,1.08%
2022-09-08 00:00:00,774.4,783.2,787.2,769.2,546.51K,-1.35%
2022-09-07 00:00:00,785.0,787.8,802.8,783.0,645.33K,-0.36%
2022-09-06 00:00:00,787.8,798.0,805.0,780.0,1.35M,-1.28%
2022-09-05 00:00:00,798.0,777.6,798.0,765.0,793.86K,3.05%
2022-09-02 00:00:00,774.4,744.8,774.4,738.6,806.25K,4.31%
2022-09-01 00:00:00,742.4,754.8,755.0,740.4,436.95K,-1.64%
2022-08-31 00:00:00,754.8,744.4,770.6,740.0,735.14K,1.48%
2022-08-30 00:00:00,743.8,740.0,754.8,737.0,772.51K,0.65%
2022-08-29 00:00:00,739.0,712.4,739.0,711.0,758.04K,3.70%
2022-08-26 00:00:00,712.6,705.8,712.6,704.0,167.46K,0.96%
2022-08-25 00:00:00,705.8,710.4,713.8,701.0,301.82K,-0.59%
2022-08-24 00:00:00,710.0,711.6,714.0,704.0,277.27K,-0.28%
2022-08-23 00:00:00,712.0,709.6,715.6,706.2,275.31K,0.56%
2022-08-22 00:00:00,708.0,704.6,709.4,699.8,255.55K,0.65%
2022-08-19 00:00:00,703.4,699.0,704.6,691.6,310.36K,0.57%
2022-08-18 00:00:00,699.4,702.0,705.0,696.6,244.82K,-0.37%
2022-08-17 00:00:00,702.0,716.0,720.8,702.0,465.31K,-1.63%
2022-08-16 00:00:00,713.6,708.2,714.2,701.0,612.00K,0.76%
2022-08-15 00:00:00,708.2,708.4,708.4,695.2,422.71K,1.17%
2022-08-12 00:00:00,700.0,700.2,705.6,691.6,310.78K,-0.71%
2022-08-11 00:00:00,705.0,700.8,714.0,697.0,578.83K,1.00%
2022-08-10 00:00:00,698.0,707.6,708.6,695.2,425.10K,-1.36%
2022-08-09 00:00:00,707.6,685.0,707.6,672.0,686.74K,3.51%
2022-08-08 00:00:00,683.6,714.0,714.0,683.6,529.46K,0.53%
2022-08-05 00:00:00,680.0,704.0,718.8,680.0,667.56K,-2.63%
2022-08-04 00:00:00,698.4,695.0,703.0,686.6,421.87K,0.34%
2022-08-03 00:00:00,696.0,720.0,724.6,695.4,741.88K,-4.05%
2022-08-02 00:00:00,725.4,731.0,740.0,717.2,583.95K,-0.90%
2022-08-01 00:00:00,732.0,736.6,754.6,732.0,1.07M,-0.25%
2022-07-29 00:00:00,733.8,715.2,735.8,707.6,652.10K,1.92%
2022-07-28 00:00:00,720.0,744.0,751.6,712.8,1.12M,-3.02%
2022-07-27 00:00:00,742.4,730.2,753.4,725.4,1.19M,2.68%
2022-07-26 00:00:00,723.0,698.6,723.4,697.0,692.55K,4.03%
2022-07-25 00:00:00,695.0,688.8,698.6,679.8,801.23K,0.78%
2022-07-22 00:00:00,689.6,680.0,689.6,670.4,690.10K,0.97%
2022-07-21 00:00:00,683.0,699.0,699.0,677.0,1.02M,-2.82%
2022-07-20 00:00:00,702.8,711.6,721.6,698.6,811.69K,-1.71%
2022-07-19 00:00:00,715.0,722.6,722.6,706.0,543.88K,-1.00%
2022-07-18 00:00:00,722.2,739.4,741.0,722.0,355.02K,-2.38%
2022-07-15 00:00:00,739.8,746.0,749.6,725.0,564.69K,-0.51%
2022-07-14 00:00:00,743.6,757.4,770.0,738.2,353.34K,-1.69%
2022-07-13 00:00:00,756.4,779.4,785.0,748.0,581.53K,-3.00%
2022-07-12 00:00:00,779.8,805.0,808.6,770.6,541.47K,-3.56%
2022-07-11 00:00:00,808.6,816.2,819.4,800.0,297.26K,-1.56%
2022-07-08 00:00:00,821.4,822.4,822.6,811.0,229.77K,-0.29%
2022-07-07 00:00:00,823.8,831.0,831.0,811.0,346.11K,-0.89%
2022-07-06 00:00:00,831.2,826.4,843.8,820.4,389.15K,-0.10%
2022-07-05 00:00:00,832.0,848.0,848.0,802.0,634.59K,-1.75%
2022-07-04 00:00:00,846.8,836.0,848.2,830.0,440.13K,2.02%
2022-07-01 00:00:00,830.0,829.6,859.0,810.0,824.58K,0.00%
2022-06-30 00:00:00,830.0,842.0,849.8,797.0,1.25M,-1.19%
2022-06-29 00:00:00,840.0,803.8,840.0,784.6,1.16M,3.60%
2022-06-28 00:00:00,810.8,832.0,843.0,802.8,636.37K,-2.62%
2022-06-27 00:00:00,832.6,818.6,832.8,811.0,591.47K,1.71%
2022-06-24 00:00:00,818.6,807.0,837.8,800.0,1.47M,1.44%
2022-06-23 00:00:00,807.0,784.0,808.2,774.0,925.68K,2.70%
2022-06-22 00:00:00,785.8,765.0,785.8,750.0,870.47K,1.97%
2022-06-21 00:00:00,770.6,770.0,794.8,753.0,1.51M,0.34%
2022-06-20 00:00:00,768.0,738.0,775.0,733.0,1.32M,4.49%
2022-06-17 00:00:00,735.0,741.4,743.2,724.8,699.38K,-0.86%
2022-06-16 00:00:00,741.4,726.6,745.0,723.0,804.02K,2.12%
2022-06-15 00:00:00,726.0,720.4,733.0,714.2,557.77K,0.83%
2022-06-14 00:00:00,720.0,711.6,720.0,704.2,563.64K,-0.14%
2022-06-10 00:00:00,721.0,714.0,723.8,701.2,718.36K,0.98%
2022-06-09 00:00:00,714.0,733.4,739.0,706.4,957.64K,-2.43%
2022-06-08 00:00:00,731.8,718.2,748.4,718.0,1.94M,2.01%
2022-06-07 00:00:00,717.4,716.2,723.0,694.2,1.70M,0.08%
2022-06-06 00:00:00,716.8,712.0,735.2,680.2,4.19M,0.82%
2022-06-03 00:00:00,711.0,812.0,830.0,685.0,11.74M,-12.85%
2022-06-02 00:00:00,815.8,958.0,970.0,807.0,3.70M,-15.27%
2022-06-01 00:00:00,962.8,962.0,974.6,945.4,468.89K,-1.23%
2022-05-31 00:00:00,974.8,1000.0,1001.2,965.0,405.05K,-2.99%
2022-05-30 00:00:00,1004.8,1030.2,1031.8,989.0,482.17K,-2.92%
2022-05-27 00:00:00,1035.0,1042.2,1059.2,1026.0,358.44K,-0.67%
2022-05-26 00:00:00,1042.0,1047.8,1068.0,1025.6,399.67K,-0.38%
2022-05-25 00:00:00,1046.0,1010.0,1049.0,1005.6,298.03K,4.18%
2022-05-24 00:00:00,1004.0,1028.0,1049.6,988.0,697.35K,-4.47%
2022-05-23 00:00:00,1051.0,1118.0,1118.0,1019.0,397.14K,-5.45%
2022-05-20 00:00:00,1111.6,1152.0,1152.6,1102.2,318.25K,-3.39%
2022-05-19 00:00:00,1150.6,1145.0,1158.8,1125.0,283.21K,0.58%
2022-05-18 00:00:00,1144.0,1120.0,1159.4,1115.0,400.26K,2.69%
2022-05-17 00:00:00,1114.0,1106.0,1120.0,1102.0,213.98K,0.78%
2022-05-16 00:00:00,1105.4,1090.0,1110.0,1084.2,283.54K,2.14%
2022-05-13 00:00:00,1082.2,1100.0,1109.2,1078.0,257.61K,-0.95%
2022-05-12 00:00:00,1092.6,1124.8,1134.6,1078.0,289.58K,-2.88%
2022-05-11 00:00:00,1125.0,1105.6,1130.0,1104.0,304.63K,1.53%
2022-05-06 00:00:00,1108.0,1098.6,1108.0,1090.0,172.99K,0.54%
2022-05-05 00:00:00,1102.0,1088.8,1103.8,1083.6,207.89K,1.94%
2022-05-04 00:00:00,1081.0,1096.0,1120.0,1074.8,302.05K,-1.28%
2022-04-29 00:00:00,1095.0,1052.0,1096.0,1043.0,292.13K,3.32%
2022-04-28 00:00:00,1059.8,1095.0,1097.4,1050.0,362.51K,-1.87%
2022-04-27 00:00:00,1080.0,1062.0,1096.6,1060.6,342.23K,0.95%
2022-04-26 00:00:00,1069.8,1044.0,1072.6,1033.4,405.59K,1.40%
2022-04-25 00:00:00,1055.0,1055.0,1058.2,1031.0,236.75K,-0.64%
2022-04-22 00:00:00,1061.8,1047.2,1068.0,995.0,406.83K,1.61%
2022-04-21 00:00:00,1045.0,1040.4,1064.2,1020.0,567.42K,0.00%
2022-04-20 00:00:00,1045.0,1005.0,1045.0,986.6,712.46K,4.15%
2022-04-19 00:00:00,1003.4,973.8,1015.6,964.2,539.46K,3.06%
2022-04-18 00:00:00,973.6,973.0,985.0,957.0,271.58K,0.27%
2022-04-15 00:00:00,971.0,975.0,994.6,950.0,421.50K,-0.47%
2022-04-14 00:00:00,975.6,1019.0,1019.0,970.4,375.01K,-3.73%
2022-04-13 00:00:00,1013.4,1035.6,1042.2,1001.2,337.36K,-2.14%
2022-04-12 00:00:00,1035.6,1014.0,1046.2,982.0,712.41K,1.73%
2022-04-11 00:00:00,1018.0,1070.0,1079.0,1015.0,650.82K,-4.66%
2022-04-08 00:00:00,1067.8,1082.2,1082.2,1049.0,365.48K,0.17%
2022-04-07 00:00:00,1066.0,1065.0,1085.0,1057.6,713.26K,0.40%
2022-04-06 00:00:00,1061.8,1093.0,1095.2,1050.2,1.13M,-2.85%
2022-04-05 00:00:00,1093.0,1186.4,1208.8,1080.8,1.03M,-7.76%
2022-04-04 00:00:00,1185.0,1219.2,1248.0,1163.0,852.42K,-0.64%
2022-04-01 00:00:00,1192.6,1149.0,1200.0,1111.2,1.08M,8.42%
2022-03-31 00:00:00,1100.0,1069.0,1140.0,1066.0,1.17M,3.97%
2022-03-30 00:00:00,1058.0,1002.0,1068.0,1002.0,448.62K,4.36%
2022-03-29 00:00:00,1013.8,1061.6,1097.0,980.0,700.14K,-3.80%
2022-03-28 00:00:00,1053.8,1159.0,1160.0,1040.0,606.03K,-9.19%
2022-03-25 00:00:00,1160.4,1299.6,1340.0,1137.0,577.92K,-9.34%
2022-03-24 00:00:00,1280.0,1315.0,1439.0,1250.0,2.67M,-2.68%
2022-02-28 00:00:00,1315.2,1315.2,1315.2,1315.2,,0.02%
2022-02-25 00:00:00,1315.0,1280.0,1432.2,1257.8,2.06M,5.20%
2022-02-24 00:00:00,1250.0,1490.0,1500.0,954.6,7.25M,-22.11%
2022-02-22 00:00:00,1604.8,1489.4,1612.0,1430.2,4.80M,7.40%
2022-02-21 00:00:00,1494.2,1639.6,1674.8,1382.4,5.51M,-8.67%
2022-02-18 00:00:00,1636.0,1621.0,1663.8,1600.4,2.99M,1.44%
2022-02-17 00:00:00,1612.8,1668.0,1669.0,1597.0,2.26M,-3.37%
2022-02-16 00:00:00,1669.0,1660.8,1675.2,1634.4,1.04M,1.09%
2022-02-15 00:00:00,1651.0,1621.0,1669.8,1616.0,1.38M,1.98%
2022-02-14 00:00:00,1619.0,1592.8,1645.0,1542.8,3.24M,1.24%
2022-02-11 00:00:00,1599.2,1640.0,1658.6,1592.0,1.70M,-3.02%
2022-02-10 00:00:00,1649.0,1679.8,1682.6,1622.8,1.87M,-1.56%
2022-02-09 00:00:00,1675.2,1628.0,1698.6,1622.4,2.13M,2.96%
2022-02-08 00:00:00,1627.0,1558.0,1629.4,1553.0,1.54M,4.36%
2022-02-07 00:00:00,1559.0,1563.6,1582.0,1550.0,1.20M,-0.10%
2022-02-04 00:00:00,1560.6,1562.0,1591.6,1545.0,1.39M,0.14%
2022-02-03 00:00:00,1558.4,1568.0,1571.8,1540.0,1.04M,-0.60%
2022-02-02 00:00:00,1567.8,1539.4,1581.0,1530.0,1.42M,1.81%
2022-02-01 00:00:00,1540.0,1508.4,1544.0,1491.0,1.27M,1.92%
2022-01-31 00:00:00,1511.0,1470.6,1520.0,1470.6,1.26M,2.40%
2022-01-28 00:00:00,1475.6,1474.0,1496.0,1451.2,1.28M,0.55%
2022-01-27 00:00:00,1467.6,1429.0,1485.8,1405.8,2.15M,2.77%
2022-01-26 00:00:00,1428.0,1428.0,1467.8,1400.4,1.73M,0.29%
2022-01-25 00:00:00,1423.8,1395.8,1434.0,1374.0,1.79M,0.55%
2022-01-24 00:00:00,1416.0,1481.2,1492.6,1367.4,2.26M,-4.32%
2022-01-21 00:00:00,1480.0,1481.0,1510.0,1465.2,1.48M,-0.19%
2022-01-20 00:00:00,1482.8,1494.0,1524.8,1471.0,1.52M,0.15%
2022-01-19 00:00:00,1480.6,1467.0,1496.8,1416.0,3.72M,1.38%
2022-01-18 00:00:00,1460.4,1520.4,1521.8,1416.4,2.30M,-3.59%
2022-01-17 00:00:00,1514.8,1548.0,1568.8,1493.4,1.15M,-2.38%
2022-01-14 00:00:00,1551.8,1564.0,1580.0,1499.0,1.67M,-1.18%
2022-01-13 00:00:00,1570.4,1580.0,1595.8,1534.4,1.30M,-1.31%
2022-01-12 00:00:00,1591.2,1572.4,1593.0,1562.0,840.07K,1.20%
2022-01-11 00:00:00,1572.4,1560.0,1594.4,1545.0,1.00M,1.14%
2022-01-10 00:00:00,1554.6,1580.0,1600.0,1540.2,941.33K,-1.86%
2022-01-06 00:00:00,1584.0,1570.0,1610.4,1562.2,562.49K,0.56%
2022-01-05 00:00:00,1575.2,1603.4,1617.4,1562.6,755.21K,-1.76%
2022-01-04 00:00:00,1603.4,1620.0,1625.6,1598.0,515.50K,-1.01%
2022-01-03 00:00:00,1619.8,1600.4,1621.0,1594.0,455.40K,0.97%
2021-12-30 00:00:00,1604.2,1568.0,1606.6,1557.2,863.01K,2.15%
2021-12-29 00:00:00,1570.4,1587.6,1594.0,1556.8,1.05M,-1.08%
2021-12-28 00:00:00,1587.6,1583.8,1595.8,1570.2,1.33M,-0.06%
2021-12-27 00:00:00,1588.6,1578.0,1599.6,1573.2,560.75K,0.67%
2021-12-24 00:00:00,1578.0,1560.0,1580.0,1550.4,462.77K,1.09%
2021-12-23 00:00:00,1561.0,1567.0,1579.0,1553.8,936.11K,0.00%
2021-12-22 00:00:00,1561.0,1547.8,1570.0,1526.0,884.19K,1.01%
2021-12-21 00:00:00,1545.4,1510.0,1547.0,1510.0,1.06M,2.21%
2021-12-20 00:00:00,1512.0,1499.6,1522.0,1476.4,1.04M,0.61%
2021-12-17 00:00:00,1502.8,1500.0,1511.6,1480.2,1.10M,-0.28%
2021-12-16 00:00:00,1507.0,1455.0,1518.4,1450.0,1.58M,3.77%
2021-12-15 00:00:00,1452.2,1461.2,1478.4,1424.6,1.67M,-0.95%
2021-12-14 00:00:00,1466.2,1491.0,1494.8,1321.2,2.35M,-1.12%
2021-12-13 00:00:00,1482.8,1515.2,1523.8,1482.2,2.12M,-7.07%
2021-12-10 00:00:00,1595.6,1590.2,1604.2,1583.2,2.07M,0.36%
2021-12-09 00:00:00,1589.8,1595.6,1604.8,1572.2,1.53M,-0.36%
2021-12-08 00:00:00,1595.6,1600.0,1630.2,1579.8,1.69M,-0.49%
2021-12-07 00:00:00,1603.4,1556.0,1608.4,1551.2,1.39M,3.05%
2021-12-06 00:00:00,1556.0,1571.2,1585.8,1537.2,1.06M,-0.90%
2021-12-03 00:00:00,1570.2,1598.6,1612.2,1556.6,1.22M,-1.08%
2021-12-02 00:00:00,1587.4,1568.8,1588.8,1557.2,1.13M,1.56%
2021-12-01 00:00:00,1563.0,1566.8,1594.6,1554.6,1.41M,-0.10%
2021-11-30 00:00:00,1564.6,1607.6,1616.8,1547.6,3.06M,-3.49%
2021-11-29 00:00:00,1621.2,1601.4,1638.0,1601.4,807.20K,1.81%
2021-11-26 00:00:00,1592.4,1647.2,1647.2,1590.0,1.27M,-3.85%
2021-11-25 00:00:00,1656.2,1651.6,1666.0,1650.0,438.71K,0.06%
2021-11-24 00:00:00,1655.2,1672.0,1676.4,1650.2,882.05K,-0.76%
2021-11-23 00:00:00,1667.8,1651.0,1677.0,1627.4,1.97M,0.25%
2021-11-22 00:00:00,1663.6,1670.6,1673.0,1621.0,1.56M,-0.61%
2021-11-19 00:00:00,1673.8,1700.0,1708.0,1655.6,1.14M,-1.25%
2021-11-18 00:00:00,1695.0,1671.4,1709.4,1668.2,1.27M,1.41%
2021-11-17 00:00:00,1671.4,1675.8,1683.8,1668.0,717.43K,0.12%
2021-11-16 00:00:00,1669.4,1678.8,1678.8,1662.0,708.59K,0.12%
2021-11-15 00:00:00,1667.4,1673.2,1690.8,1665.0,894.13K,-0.54%
2021-11-12 00:00:00,1676.4,1662.0,1679.0,1645.2,1.26M,0.62%
2021-11-11 00:00:00,1666.0,1644.8,1680.0,1632.0,1.09M,1.52%
2021-11-10 00:00:00,1641.0,1678.2,1682.0,1623.0,1.22M,-2.01%
2021-11-09 00:00:00,1674.6,1663.0,1694.6,1655.0,1.22M,0.53%
2021-11-08 00:00:00,1665.8,1633.0,1672.0,1633.0,1.09M,2.06%
2021-11-05 00:00:00,1632.2,1651.0,1657.0,1617.0,996.54K,-1.14%
2021-11-03 00:00:00,1651.0,1645.0,1657.0,1635.2,703.63K,0.22%
2021-11-02 00:00:00,1647.4,1660.0,1665.0,1639.0,976.34K,-0.90%
2021-11-01 00:00:00,1662.4,1615.0,1664.0,1605.6,1.19M,2.99%
2021-10-29 00:00:00,1614.2,1617.0,1624.6,1609.6,1.06M,-0.32%
2021-10-28 00:00:00,1619.4,1629.8,1635.2,1596.0,1.95M,-0.65%
2021-10-27 00:00:00,1630.0,1630.2,1638.0,1611.2,973.34K,-0.21%
2021-10-26 00:00:00,1633.4,1632.0,1654.4,1625.4,1.47M,0.07%
2021-10-25 00:00:00,1632.2,1618.6,1644.2,1618.6,1.14M,0.69%
2021-10-22 00:00:00,1621.0,1626.8,1641.6,1618.0,1.25M,-0.43%
2021-10-21 00:00:00,1628.0,1616.2,1655.8,1614.2,1.72M,0.01%
2021-10-20 00:00:00,1627.8,1648.0,1650.6,1612.4,1.64M,-1.48%
2021-10-19 00:00:00,1652.2,1646.0,1664.8,1618.4,2.55M,0.77%
2021-10-18 00:00:00,1639.6,1591.0,1640.8,1576.0,3.64M,4.59%
2021-10-15 00:00:00,1567.6,1598.8,1599.8,1544.0,1.87M,-1.75%
2021-10-14 00:00:00,1595.6,1595.2,1605.0,1579.0,1.27M,0.57%
2021-10-13 00:00:00,1586.6,1598.0,1605.0,1572.0,1.46M,-0.30%
2021-10-12 00:00:00,1591.4,1594.0,1599.0,1575.2,1.24M,-0.26%
2021-10-11 00:00:00,1595.6,1591.0,1604.0,1570.4,1.35M,0.72%
2021-10-08 00:00:00,1584.2,1560.0,1609.4,1541.2,2.29M,1.55%
2021-10-07 00:00:00,1560.0,1540.2,1575.0,1528.2,2.25M,1.43%
2021-10-06 00:00:00,1538.0,1472.0,1549.8,1462.6,2.43M,3.57%
2021-10-05 00:00:00,1485.0,1452.6,1485.0,1430.2,2.45M,1.55%
2021-10-04 00:00:00,1462.4,1505.0,1507.8,1439.0,2.21M,-2.82%
2021-10-01 00:00:00,1504.8,1515.4,1515.6,1491.0,1.80M,-1.00%
2021-09-30 00:00:00,1520.0,1549.8,1550.0,1510.0,1.38M,-1.50%
2021-09-29 00:00:00,1543.2,1535.0,1554.6,1528.0,1.15M,0.65%
2021-09-28 00:00:00,1533.2,1572.2,1572.2,1524.0,1.16M,-2.22%
2021-09-27 00:00:00,1568.0,1566.2,1590.0,1557.0,985.72K,0.29%
2021-09-24 00:00:00,1563.4,1579.6,1599.8,1543.8,1.51M,-1.01%
2021-09-23 00:00:00,1579.4,1573.0,1580.0,1536.0,1.93M,1.18%
2021-09-22 00:00:00,1561.0,1535.0,1581.0,1521.8,1.83M,2.58%
2021-09-21 00:00:00,1521.8,1524.6,1536.4,1496.0,2.33M,0.77%
2021-09-20 00:00:00,1510.2,1554.8,1561.0,1505.0,2.26M,-3.87%
2021-09-17 00:00:00,1571.0,1610.0,1613.0,1563.8,1.89M,-2.36%
2021-09-16 00:00:00,1609.0,1624.0,1630.0,1606.0,1.09M,-1.34%
2021-09-15 00:00:00,1630.8,1622.4,1651.2,1598.4,2.13M,0.52%
2021-09-14 00:00:00,1622.4,1647.6,1647.6,1615.2,1.44M,-1.60%
2021-09-13 00:00:00,1648.8,1638.2,1655.2,1623.6,1.08M,0.84%
2021-09-10 00:00:00,1635.0,1620.4,1647.0,1606.0,1.34M,1.21%
2021-09-09 00:00:00,1615.4,1654.8,1655.8,1612.6,1.73M,-2.53%
2021-09-08 00:00:00,1657.4,1668.4,1668.4,1654.6,807.91K,-0.28%
2021-09-07 00:00:00,1662.0,1668.0,1673.6,1650.0,720.51K,-0.06%
2021-09-06 00:00:00,1663.0,1645.0,1671.2,1640.0,951.08K,0.91%
2021-09-03 00:00:00,1648.0,1671.6,1678.2,1634.6,2.10M,-1.42%
2021-09-02 00:00:00,1671.8,1656.2,1704.0,1643.2,2.49M,0.65%
2021-09-01 00:00:00,1661.0,1647.6,1668.8,1622.6,2.96M,-3.56%
2021-08-31 00:00:00,1722.4,1746.0,1749.2,1713.2,2.45M,-0.98%
2021-08-30 00:00:00,1739.4,1742.0,1754.0,1734.4,1.24M,0.29%
2021-08-27 00:00:00,1734.4,1705.0,1734.4,1692.2,1.56M,2.10%
2021-08-26 00:00:00,1698.8,1709.0,1716.4,1695.8,1.21M,-0.61%
2021-08-25 00:00:00,1709.2,1688.6,1716.4,1683.4,1.31M,1.22%
2021-08-24 00:00:00,1688.6,1695.0,1705.0,1676.4,1.43M,-0.09%
2021-08-23 00:00:00,1690.2,1673.6,1695.0,1663.2,1.07M,1.27%
2021-08-20 00:00:00,1669.0,1692.4,1698.4,1653.8,1.08M,-0.88%
2021-08-19 00:00:00,1683.8,1693.8,1699.0,1660.4,1.69M,-1.37%
2021-08-18 00:00:00,1707.2,1744.2,1751.2,1699.0,1.37M,-2.07%
2021-08-17 00:00:00,1743.2,1754.0,1759.8,1738.6,1.16M,-1.02%
2021-08-16 00:00:00,1761.2,1745.0,1774.2,1742.8,764.14K,0.77%
2021-08-13 00:00:00,1747.8,1740.0,1755.0,1729.0,648.92K,0.21%
2021-08-12 00:00:00,1744.2,1767.0,1768.4,1737.4,876.97K,-1.31%
2021-08-11 00:00:00,1767.4,1777.0,1788.2,1761.0,764.83K,-0.43%
2021-08-10 00:00:00,1775.0,1748.6,1777.6,1734.8,1.29M,2.25%
2021-08-09 00:00:00,1736.0,1756.6,1757.4,1726.8,1.70M,-1.35%
2021-08-06 00:00:00,1759.8,1800.6,1803.6,1756.2,1.18M,-2.06%
2021-08-05 00:00:00,1796.8,1799.0,1799.0,1783.0,813.26K,0.40%
2021-08-04 00:00:00,1789.6,1796.0,1806.0,1782.2,755.50K,-0.18%
2021-08-03 00:00:00,1792.8,1782.6,1795.0,1776.4,757.92K,0.38%
2021-08-02 00:00:00,1786.0,1799.8,1814.8,1781.6,1.03M,-0.74%
2021-07-30 00:00:00,1799.4,1797.0,1808.0,1776.2,2.54M,0.22%
2021-07-29 00:00:00,1795.4,1799.2,1810.4,1775.6,1.29M,0.41%
2021-07-28 00:00:00,1788.0,1787.4,1804.0,1770.2,1.17M,0.27%
2021-07-27 00:00:00,1783.2,1749.8,1789.0,1742.8,1.94M,1.98%
2021-07-26 00:00:00,1748.6,1730.0,1749.2,1714.0,1.03M,0.40%
2021-07-23 00:00:00,1741.6,1738.8,1753.0,1727.6,985.47K,0.15%
2021-07-22 00:00:00,1739.0,1717.0,1741.8,1710.6,1.57M,1.59%
2021-07-21 00:00:00,1711.8,1720.0,1729.8,1704.2,1.50M,-0.28%
2021-07-20 00:00:00,1716.6,1678.2,1724.0,1675.8,2.82M,2.57%
2021-07-19 00:00:00,1673.6,1661.6,1677.8,1642.8,1.67M,0.60%
2021-07-16 00:00:00,1663.6,1704.0,1718.2,1642.6,2.59M,-0.99%
2021-07-15 00:00:00,1680.2,1656.8,1684.2,1646.4,1.47M,1.68%
2021-07-14 00:00:00,1652.4,1671.2,1690.0,1646.0,1.65M,-1.11%
2021-07-13 00:00:00,1671.0,1630.0,1676.4,1620.8,2.04M,2.40%
2021-07-12 00:00:00,1631.8,1628.0,1640.4,1604.0,1.33M,0.43%
2021-07-09 00:00:00,1624.8,1555.6,1629.4,1555.6,1.88M,4.09%
2021-07-08 00:00:00,1561.0,1591.4,1620.8,1552.2,1.69M,-1.82%
2021-07-07 00:00:00,1590.0,1534.0,1590.0,1531.6,1.47M,4.04%
2021-07-06 00:00:00,1528.2,1560.0,1561.4,1511.0,1.25M,-1.72%
2021-07-05 00:00:00,1555.0,1570.0,1573.8,1546.6,990.29K,-1.21%
2021-07-02 00:00:00,1574.0,1561.4,1587.0,1561.4,691.63K,0.25%
2021-07-01 00:00:00,1570.0,1577.0,1593.4,1556.2,1.01M,-0.47%
2021-06-30 00:00:00,1577.4,1543.6,1579.6,1530.0,1.59M,2.39%
2021-06-29 00:00:00,1540.6,1574.4,1578.0,1531.2,1.26M,-1.96%
2021-06-28 00:00:00,1571.4,1566.2,1597.8,1551.6,1.92M,0.33%
2021-06-25 00:00:00,1566.2,1575.0,1592.6,1535.4,3.65M,-0.97%
2021-06-24 00:00:00,1581.6,1600.0,1616.2,1484.2,5.66M,-1.19%
2021-06-23 00:00:00,1600.6,1603.0,1617.2,1591.8,895.21K,-0.15%
2021-06-22 00:00:00,1603.0,1618.0,1624.8,1586.0,1.10M,-0.62%
2021-06-21 00:00:00,1613.0,1617.8,1619.8,1578.8,2.34M,-0.43%
2021-06-18 00:00:00,1620.0,1632.2,1643.2,1603.0,2.14M,-1.01%
2021-06-17 00:00:00,1636.6,1660.0,1665.6,1627.6,1.78M,-1.49%
2021-06-16 00:00:00,1661.4,1690.4,1694.2,1660.2,1.34M,-1.98%
2021-06-15 00:00:00,1695.0,1715.6,1727.8,1690.0,1.33M,-1.52%
2021-06-14 00:00:00,1721.2,1735.0,1758.0,1708.6,1.04M,-0.73%
2021-06-11 00:00:00,1733.8,1692.0,1750.8,1685.0,2.25M,2.53%
2021-06-10 00:00:00,1691.0,1653.2,1700.0,1645.8,2.21M,2.18%
2021-06-09 00:00:00,1655.0,1661.4,1661.6,1634.0,1.26M,-0.23%
2021-06-08 00:00:00,1658.8,1685.0,1704.2,1643.0,1.89M,-1.58%
2021-06-07 00:00:00,1685.4,1645.0,1689.2,1628.6,1.30M,2.36%
2021-06-04 00:00:00,1646.6,1662.8,1671.0,1605.2,2.12M,-1.02%
2021-06-03 00:00:00,1663.6,1683.2,1692.6,1654.4,1.54M,-1.07%
2021-06-02 00:00:00,1681.6,1700.8,1705.0,1662.6,1.65M,-0.80%
2021-06-01 00:00:00,1695.2,1686.0,1697.6,1675.8,1.35M,0.55%
2021-05-31 00:00:00,1686.0,1680.0,1696.8,1652.0,2.24M,-4.11%
2021-05-28 00:00:00,1758.2,1750.0,1775.0,1739.0,2.28M,0.11%
2021-05-27 00:00:00,1756.2,1757.4,1778.6,1734.4,2.55M,0.10%
2021-05-26 00:00:00,1754.4,1786.2,1796.0,1731.4,2.06M,-1.93%
2021-05-25 00:00:00,1789.0,1780.2,1800.0,1768.6,878.80K,0.28%
2021-05-24 00:00:00,1784.0,1779.0,1787.2,1765.6,666.41K,0.03%
2021-05-21 00:00:00,1783.4,1822.0,1822.0,1770.2,1.34M,-1.63%
2021-05-20 00:00:00,1813.0,1762.0,1824.6,1762.0,1.95M,2.56%
2021-05-19 00:00:00,1767.8,1783.8,1787.8,1752.8,1.47M,-0.90%
2021-05-18 00:00:00,1783.8,1781.0,1815.8,1762.2,1.72M,0.62%
2021-05-17 00:00:00,1772.8,1779.8,1791.8,1753.0,754.54K,-0.40%
2021-05-14 00:00:00,1780.0,1780.0,1789.8,1751.2,1.16M,-0.50%
2021-05-13 00:00:00,1789.0,1823.0,1827.2,1764.2,1.77M,-1.66%
2021-05-12 00:00:00,1819.2,1825.2,1847.0,1813.8,857.12K,-0.47%
2021-05-11 00:00:00,1827.8,1826.2,1845.6,1803.6,1.17M,-0.19%
2021-05-10 00:00:00,1831.2,1836.0,1864.0,1822.0,1.30M,-0.24%
2021-05-07 00:00:00,1835.6,1760.0,1837.0,1759.4,2.39M,4.30%
2021-05-06 00:00:00,1760.0,1757.6,1769.4,1722.6,1.77M,0.45%
2021-05-05 00:00:00,1752.2,1759.0,1760.0,1700.4,1.97M,-0.32%
2021-05-04 00:00:00,1757.8,1777.4,1792.4,1730.2,1.66M,-0.91%
2021-04-30 00:00:00,1774.0,1810.0,1810.0,1757.6,1.46M,-2.08%
2021-04-29 00:00:00,1811.6,1801.0,1817.2,1787.4,803.09K,0.91%
2021-04-28 00:00:00,1795.2,1804.0,1836.8,1769.0,2.22M,-0.92%
2021-04-27 00:00:00,1811.8,1875.6,1877.6,1779.6,3.73M,-3.42%
2021-04-26 00:00:00,1876.0,1877.4,1905.0,1855.0,2.06M,-0.28%
2021-04-23 00:00:00,1881.2,1871.6,1889.6,1852.8,1.64M,0.34%
2021-04-22 00:00:00,1874.8,1830.0,1911.2,1802.4,3.60M,2.57%
2021-04-21 00:00:00,1827.8,1760.0,1828.6,1752.2,2.57M,4.51%
2021-04-20 00:00:00,1749.0,1745.0,1776.0,1731.4,1.78M,0.77%
2021-04-19 00:00:00,1735.6,1773.0,1819.0,1722.0,3.58M,-1.88%
2021-04-16 00:00:00,1768.8,1677.8,1769.4,1671.2,2.48M,6.01%
2021-04-15 00:00:00,1668.6,1600.0,1671.0,1592.6,1.41M,3.52%
2021-04-14 00:00:00,1611.8,1642.0,1647.6,1596.8,1.33M,-1.25%
2021-04-13 00:00:00,1632.2,1609.0,1650.0,1605.0,2.22M,1.52%
2021-04-12 00:00:00,1607.8,1534.6,1610.0,1530.8,1.59M,4.55%
2021-04-09 00:00:00,1537.8,1555.0,1558.0,1525.2,837.25K,-0.98%
2021-04-08 00:00:00,1553.0,1537.0,1556.2,1521.2,1.28M,2.05%
2021-04-07 00:00:00,1521.8,1490.0,1533.0,1467.2,2.24M,1.25%
2021-04-06 00:00:00,1503.0,1510.2,1527.8,1493.0,1.48M,-0.32%
2021-04-05 00:00:00,1507.8,1529.8,1529.8,1497.2,767.91K,-1.33%
2021-04-02 00:00:00,1528.2,1510.0,1531.4,1503.0,537.78K,1.26%
2021-04-01 00:00:00,1509.2,1540.0,1560.0,1492.4,2.18M,-1.66%
2021-03-31 00:00:00,1534.6,1481.0,1553.2,1477.2,2.30M,3.65%
2021-03-30 00:00:00,1480.6,1452.2,1486.2,1450.0,1.57M,2.73%
2021-03-29 00:00:00,1441.2,1422.0,1451.8,1413.2,2.36M,1.05%
2021-03-26 00:00:00,1426.2,1398.0,1429.0,1398.0,1.76M,2.12%
2021-03-25 00:00:00,1396.6,1402.0,1420.6,1375.0,1.88M,-0.07%
2021-03-24 00:00:00,1397.6,1388.0,1413.6,1362.4,1.13M,1.38%
2021-03-23 00:00:00,1378.6,1415.0,1415.0,1371.6,1.33M,-2.35%
2021-03-22 00:00:00,1411.8,1425.0,1425.0,1403.6,743.68K,-0.76%
2021-03-19 00:00:00,1422.6,1417.4,1441.8,1407.2,1.89M,0.79%
2021-03-18 00:00:00,1411.4,1420.6,1440.6,1406.2,999.90K,-0.40%
2021-03-17 00:00:00,1417.0,1431.0,1440.6,1414.4,1.06M,-1.27%
2021-03-16 00:00:00,1435.2,1444.4,1445.6,1410.0,1.28M,-0.07%
2021-03-15 00:00:00,1436.2,1398.8,1450.8,1398.0,1.69M,2.00%
2021-03-12 00:00:00,1408.0,1369.0,1414.4,1350.0,1.90M,3.45%
2021-03-11 00:00:00,1361.0,1344.6,1366.8,1339.8,1.27M,1.99%
2021-03-10 00:00:00,1334.4,1310.0,1340.0,1301.4,1.42M,1.43%
2021-03-09 00:00:00,1315.6,1345.0,1350.6,1286.6,2.11M,-1.75%
2021-03-05 00:00:00,1339.0,1340.6,1341.2,1321.6,1.11M,0.45%
2021-03-04 00:00:00,1333.0,1377.4,1380.2,1327.2,1.37M,-3.08%
2021-03-03 00:00:00,1375.4,1358.0,1381.0,1358.0,1.51M,1.13%
2021-03-02 00:00:00,1360.0,1364.6,1380.0,1351.2,1.11M,-0.50%
2021-03-01 00:00:00,1366.8,1350.0,1374.4,1328.6,1.24M,1.73%
2021-02-26 00:00:00,1343.6,1330.0,1368.2,1325.8,2.51M,0.19%
2021-02-25 00:00:00,1341.0,1306.0,1363.4,1305.8,2.35M,2.81%
2021-02-24 00:00:00,1304.4,1324.4,1330.0,1292.4,1.29M,-2.26%
2021-02-22 00:00:00,1334.6,1320.0,1345.6,1303.8,1.56M,1.74%
2021-02-20 00:00:00,1311.8,1312.0,1320.0,1299.0,234.89K,0.26%
2021-02-19 00:00:00,1308.4,1280.6,1319.4,1271.0,984.72K,2.15%
2021-02-18 00:00:00,1280.8,1291.0,1294.6,1275.0,961.94K,-0.94%
2021-02-17 00:00:00,1293.0,1301.0,1305.0,1286.0,945.93K,-0.61%
2021-02-16 00:00:00,1301.0,1289.8,1303.0,1280.4,940.53K,1.03%
2021-02-15 00:00:00,1287.8,1290.0,1299.2,1277.0,880.35K,0.05%
2021-02-12 00:00:00,1287.2,1275.6,1289.8,1247.6,982.82K,0.78%
2021-02-11 00:00:00,1277.2,1281.0,1284.8,1273.4,527.06K,-0.45%
2021-02-10 00:00:00,1283.0,1285.0,1295.6,1275.0,823.48K,-0.36%
2021-02-09 00:00:00,1287.6,1302.8,1304.0,1281.6,785.97K,-0.68%
2021-02-08 00:00:00,1296.4,1288.0,1306.4,1285.0,1.30M,0.73%
2021-02-05 00:00:00,1287.0,1306.8,1308.0,1277.0,1.16M,-0.97%
2021-02-04 00:00:00,1299.6,1287.4,1313.0,1283.6,1.79M,1.21%
2021-02-03 00:00:00,1284.0,1293.2,1298.6,1272.8,822.35K,-0.23%
2021-02-02 00:00:00,1287.0,1287.8,1299.4,1280.2,1.07M,0.67%
2021-02-01 00:00:00,1278.4,1271.6,1285.0,1263.8,1.25M,1.24%
2021-01-29 00:00:00,1262.8,1275.0,1281.8,1252.6,1.90M,-1.31%
2021-01-28 00:00:00,1279.6,1275.0,1288.8,1263.2,1.43M,-0.08%
2021-01-27 00:00:00,1280.6,1326.0,1333.4,1273.2,2.02M,-2.70%
2021-01-26 00:00:00,1316.2,1309.2,1327.2,1295.0,929.47K,0.24%
2021-01-25 00:00:00,1313.0,1328.0,1337.0,1290.8,1.66M,-0.56%
2021-01-22 00:00:00,1320.4,1336.0,1341.8,1304.0,1.55M,-1.79%
2021-01-21 00:00:00,1344.4,1345.0,1354.0,1323.6,1.32M,0.33%
2021-01-20 00:00:00,1340.0,1340.6,1352.6,1333.0,1.05M,-0.03%
2021-01-19 00:00:00,1340.4,1363.0,1365.2,1335.2,1.00M,-0.55%
2021-01-18 00:00:00,1347.8,1352.0,1361.4,1313.0,1.70M,0.22%
2021-01-15 00:00:00,1344.8,1366.0,1394.4,1340.4,1.74M,-1.67%
2021-01-14 00:00:00,1367.6,1306.0,1382.8,1286.6,2.84M,3.95%
2021-01-13 00:00:00,1315.6,1332.0,1343.8,1303.0,1.47M,-1.29%
2021-01-12 00:00:00,1332.8,1346.0,1361.6,1318.0,1.34M,-1.36%
2021-01-11 00:00:00,1351.2,1372.0,1384.6,1324.4,1.42M,-1.31%
2021-01-08 00:00:00,1369.2,1333.0,1384.8,1332.8,1.69M,3.23%
2021-01-06 00:00:00,1326.4,1334.0,1340.6,1317.8,840.83K,-0.58%
2021-01-05 00:00:00,1334.2,1338.0,1344.6,1298.6,2.04M,-0.67%
2021-01-04 00:00:00,1343.2,1324.0,1364.0,1324.0,999.39K,1.51%
2020-12-30 00:00:00,1323.2,1335.2,1349.4,1312.2,1.39M,-1.09%
2020-12-29 00:00:00,1337.8,1375.2,1392.6,1310.2,2.33M,-2.66%
2020-12-28 00:00:00,1374.4,1356.2,1378.2,1345.6,1.33M,0.81%
2020-12-25 00:00:00,1363.4,1329.2,1378.6,1324.6,1.33M,3.19%
2020-12-24 00:00:00,1321.2,1295.6,1327.4,1289.4,891.47K,1.79%
2020-12-23 00:00:00,1298.0,1292.0,1302.4,1280.0,857.77K,0.92%
2020-12-22 00:00:00,1286.2,1247.8,1295.6,1244.0,1.30M,2.73%
2020-12-21 00:00:00,1252.0,1254.0,1278.0,1218.6,1.90M,-0.92%
2020-12-18 00:00:00,1263.6,1244.0,1278.4,1217.4,1.86M,1.01%
2020-12-17 00:00:00,1251.0,1279.8,1279.8,1241.8,1.57M,-1.42%
2020-12-16 00:00:00,1269.0,1264.2,1283.0,1244.2,1.42M,0.16%
2020-12-15 00:00:00,1267.0,1269.0,1289.6,1251.4,1.46M,-0.13%
2020-12-14 00:00:00,1268.6,1235.0,1294.0,1203.4,4.11M,3.59%
2020-12-11 00:00:00,1224.6,1201.6,1239.2,1200.2,1.69M,1.71%
2020-12-10 00:00:00,1204.0,1172.2,1209.0,1172.2,1.56M,2.89%
2020-12-09 00:00:00,1170.2,1167.8,1185.8,1165.0,1.32M,0.38%
2020-12-08 00:00:00,1165.8,1162.0,1210.0,1147.8,3.03M,0.24%
2020-12-07 00:00:00,1163.0,1150.2,1184.0,1148.8,3.21M,-2.17%
2020-12-04 00:00:00,1188.8,1156.8,1190.4,1151.8,2.29M,3.68%
2020-12-03 00:00:00,1146.6,1164.8,1164.8,1135.2,1.49M,-1.10%
2020-12-02 00:00:00,1159.4,1145.0,1170.2,1142.0,1.69M,1.35%
2020-12-01 00:00:00,1144.0,1136.2,1146.8,1128.8,974.90K,1.08%
2020-11-30 00:00:00,1131.8,1145.0,1149.0,1119.6,2.25M,-1.34%
2020-11-27 00:00:00,1147.2,1149.0,1154.8,1132.8,1.05M,0.00%
2020-11-26 00:00:00,1147.2,1125.0,1149.2,1123.6,1.19M,1.70%
2020-11-25 00:00:00,1128.0,1140.0,1143.0,1121.0,1.33M,-0.97%
2020-11-24 00:00:00,1139.0,1117.4,1144.8,1115.4,1.24M,2.15%
2020-11-23 00:00:00,1115.0,1107.2,1122.8,1107.2,840.55K,0.70%
2020-11-20 00:00:00,1107.2,1096.4,1108.0,1096.2,417.25K,0.16%
2020-11-19 00:00:00,1105.4,1114.0,1121.4,1095.4,802.33K,-1.11%
2020-11-18 00:00:00,1117.8,1118.0,1124.0,1107.4,888.52K,0.14%
2020-11-17 00:00:00,1116.2,1132.6,1134.0,1106.0,1.22M,-1.40%
2020-11-16 00:00:00,1132.0,1114.8,1134.8,1111.4,1.31M,2.07%
2020-11-13 00:00:00,1109.0,1091.6,1110.0,1085.0,971.94K,1.61%
2020-11-12 00:00:00,1091.4,1095.6,1104.8,1082.6,1.21M,-0.46%
2020-11-11 00:00:00,1096.4,1095.0,1102.6,1087.6,1.03M,0.29%
2020-11-10 00:00:00,1093.2,1097.6,1099.0,1081.6,1.25M,-0.44%
2020-11-09 00:00:00,1098.0,1100.0,1106.8,1083.0,1.59M,0.66%
2020-11-06 00:00:00,1090.8,1074.0,1095.6,1065.4,1.30M,0.91%
2020-11-05 00:00:00,1081.0,1119.4,1124.8,1066.8,2.48M,-2.37%
2020-11-03 00:00:00,1107.2,1100.0,1113.8,1087.4,930.61K,1.30%
2020-11-02 00:00:00,1093.0,1085.0,1099.8,1067.0,925.50K,0.74%
2020-10-30 00:00:00,1085.0,1051.2,1092.2,1038.0,1.49M,2.75%
2020-10-29 00:00:00,1056.0,1042.0,1060.8,1039.0,896.97K,1.52%
2020-10-28 00:00:00,1040.2,1058.2,1061.0,1035.0,1.45M,-2.13%
2020-10-27 00:00:00,1062.8,1064.0,1081.0,1059.6,1.35M,-0.02%
2020-10-26 00:00:00,1063.0,1064.0,1071.6,1042.0,767.48K,-0.37%
2020-10-23 00:00:00,1067.0,1061.4,1070.0,1052.2,1.06M,0.49%
2020-10-22 00:00:00,1061.8,1015.4,1062.6,1014.8,2.21M,5.21%
2020-10-21 00:00:00,1009.2,1007.8,1017.6,1002.0,659.38K,0.34%
2020-10-20 00:00:00,1005.8,988.6,1008.8,988.0,655.97K,1.80%
2020-10-19 00:00:00,988.0,999.8,1000.8,982.0,459.36K,-0.72%
2020-10-16 00:00:00,995.2,1001.8,1006.8,992.6,609.25K,-0.66%
2020-10-15 00:00:00,1001.8,1006.8,1006.8,997.0,551.67K,-0.32%
2020-10-14 00:00:00,1005.0,984.4,1007.6,984.4,677.64K,1.21%
2020-10-13 00:00:00,993.0,1008.4,1016.2,989.2,732.30K,-1.68%
2020-10-12 00:00:00,1010.0,1004.6,1012.0,998.2,573.28K,1.04%
2020-10-09 00:00:00,999.6,1004.2,1007.0,995.4,458.06K,-0.06%
2020-10-08 00:00:00,1000.2,993.0,1007.8,993.0,705.28K,0.54%
2020-10-07 00:00:00,994.8,996.0,1003.6,990.2,784.59K,-0.40%
2020-10-06 00:00:00,998.8,1008.6,1008.6,992.4,743.74K,-0.66%
2020-10-05 00:00:00,1005.4,1004.4,1012.0,997.6,867.39K,0.38%
2020-10-02 00:00:00,1001.6,994.0,1005.6,988.0,516.44K,0.50%
2020-10-01 00:00:00,996.6,998.0,1003.4,986.8,581.41K,0.46%
2020-09-30 00:00:00,992.0,1010.0,1010.6,988.4,852.71K,-1.59%
2020-09-29 00:00:00,1008.0,984.0,1013.8,981.2,1.69M,2.54%
2020-09-28 00:00:00,983.0,985.8,995.2,975.6,883.20K,-0.16%
2020-09-25 00:00:00,984.6,973.4,987.0,967.8,701.35K,0.98%
2020-09-24 00:00:00,975.0,974.8,979.0,962.2,800.94K,0.72%
2020-09-23 00:00:00,968.0,976.8,983.6,967.2,1.26M,-0.84%
2020-09-22 00:00:00,976.2,967.4,981.6,966.6,879.99K,0.41%
2020-09-21 00:00:00,972.2,979.0,979.0,960.0,950.03K,-0.39%
2020-09-18 00:00:00,976.0,992.0,992.0,973.4,1.06M,-1.39%
2020-09-17 00:00:00,989.8,983.8,994.6,980.8,784.89K,0.26%
2020-09-16 00:00:00,987.2,996.8,998.2,977.0,1.29M,-0.98%
2020-09-15 00:00:00,997.0,990.0,998.0,986.0,1.32M,0.97%
2020-09-14 00:00:00,987.4,974.2,990.4,971.0,1.16M,2.00%
2020-09-11 00:00:00,968.0,970.8,973.0,964.2,1.03M,0.21%
2020-09-10 00:00:00,966.0,947.8,975.2,939.8,2.04M,2.37%
2020-09-09 00:00:00,943.6,928.0,947.4,927.0,1.61M,1.62%
2020-09-08 00:00:00,928.6,930.0,936.8,926.0,1.36M,-0.11%
2020-09-07 00:00:00,929.6,931.0,933.0,925.6,924.28K,-1.88%
2020-09-04 00:00:00,947.4,942.4,949.2,932.4,1.25M,0.40%
2020-09-03 00:00:00,943.6,951.0,957.0,942.0,1.13M,-0.78%
2020-09-02 00:00:00,951.0,948.4,959.4,941.0,1.35M,0.49%
2020-09-01 00:00:00,946.4,934.6,947.6,919.6,1.33M,1.65%
2020-08-31 00:00:00,931.0,945.0,952.2,929.2,1.37M,-1.34%
2020-08-28 00:00:00,943.6,954.4,954.4,941.0,550.44K,-0.90%
2020-08-27 00:00:00,952.2,963.0,964.8,948.6,789.47K,-1.06%
2020-08-26 00:00:00,962.4,963.0,965.0,956.2,638.08K,-0.04%
2020-08-25 00:00:00,962.8,966.4,968.8,955.8,722.66K,0.02%
2020-08-24 00:00:00,962.6,964.4,969.0,961.2,524.03K,0.25%
2020-08-21 00:00:00,960.2,959.0,963.8,946.6,764.91K,0.25%
2020-08-20 00:00:00,957.8,965.4,968.4,951.8,827.75K,-0.85%
2020-08-19 00:00:00,966.0,963.0,974.0,956.6,745.40K,0.54%
2020-08-18 00:00:00,960.8,965.0,971.0,959.4,936.33K,-0.78%
2020-08-17 00:00:00,968.4,969.8,974.0,957.2,795.84K,0.29%
2020-08-14 00:00:00,965.6,972.8,974.0,956.2,795.99K,-0.45%
2020-08-13 00:00:00,970.0,973.8,976.6,962.8,1.11M,-0.37%
2020-08-12 00:00:00,973.6,941.8,978.0,941.8,1.70M,3.09%
2020-08-11 00:00:00,944.4,934.0,952.0,933.2,1.73M,1.20%
2020-08-10 00:00:00,933.2,925.8,934.0,925.2,629.90K,0.91%
2020-08-07 00:00:00,924.8,938.2,940.0,912.4,1.19M,-1.60%
2020-08-06 00:00:00,939.8,941.0,946.0,933.6,706.72K,-0.09%
2020-08-05 00:00:00,940.6,935.0,942.0,929.4,1.15M,0.64%
2020-08-04 00:00:00,934.6,920.0,935.0,918.0,1.19M,1.94%
2020-08-03 00:00:00,916.8,912.6,920.0,910.0,672.61K,0.46%
2020-07-31 00:00:00,912.6,912.0,920.0,904.0,990.90K,0.46%
2020-07-30 00:00:00,908.4,925.4,925.6,896.0,1.28M,-1.84%
2020-07-29 00:00:00,925.4,920.0,928.6,915.6,871.55K,0.67%
2020-07-28 00:00:00,919.2,912.6,925.2,911.6,1.17M,1.06%
2020-07-27 00:00:00,909.6,894.8,912.6,893.8,897.87K,1.72%
2020-07-24 00:00:00,894.2,889.8,897.0,885.2,612.62K,0.52%
2020-07-23 00:00:00,889.6,899.6,901.6,889.0,902.84K,-0.78%
2020-07-22 00:00:00,896.6,895.0,899.6,886.6,886.69K,0.27%
2020-07-21 00:00:00,894.2,890.6,902.4,890.4,1.08M,0.74%
2020-07-20 00:00:00,887.6,878.4,887.6,874.0,750.44K,1.07%
2020-07-17 00:00:00,878.2,880.0,884.0,875.4,427.08K,-0.18%
2020-07-16 00:00:00,879.8,877.8,884.6,874.0,646.19K,-0.45%
2020-07-15 00:00:00,883.8,880.0,891.0,875.4,839.69K,0.89%
2020-07-14 00:00:00,876.0,875.0,879.2,862.4,896.83K,0.37%
2020-07-13 00:00:00,872.8,882.8,889.0,870.6,572.65K,-0.84%
2020-07-10 00:00:00,880.2,866.8,882.4,866.8,621.31K,0.46%
2020-07-09 00:00:00,876.2,894.0,896.8,867.8,1.01M,-1.99%
2020-07-08 00:00:00,894.0,890.0,897.4,886.0,501.24K,0.20%
2020-07-07 00:00:00,892.2,902.4,903.6,881.4,869.80K,-0.98%
2020-07-06 00:00:00,901.0,892.0,906.0,890.2,1.60M,1.90%
2020-07-03 00:00:00,884.2,868.2,887.8,866.0,896.41K,1.75%
2020-07-02 00:00:00,869.0,867.2,874.8,863.6,655.64K,0.58%
2020-06-30 00:00:00,864.0,855.4,870.8,852.6,1.29M,1.08%
2020-06-29 00:00:00,854.8,850.0,855.0,841.0,872.22K,0.38%
2020-06-26 00:00:00,851.6,863.4,864.8,847.2,1.32M,-1.14%
2020-06-25 00:00:00,861.4,865.2,867.4,856.4,1.23M,-1.22%
2020-06-23 00:00:00,872.0,870.4,878.0,868.0,753.46K,0.16%
2020-06-22 00:00:00,870.6,873.2,874.0,862.2,1.16M,-0.18%
2020-06-19 00:00:00,872.2,879.8,882.6,871.6,1.81M,-0.25%
2020-06-18 00:00:00,874.4,883.8,884.8,869.2,1.39M,-1.04%
2020-06-17 00:00:00,883.6,884.2,889.2,876.6,1.30M,0.41%
2020-06-16 00:00:00,880.0,884.4,897.0,880.0,1.50M,0.09%
2020-06-15 00:00:00,879.2,885.0,892.4,876.4,2.13M,-6.37%
2020-06-11 00:00:00,939.0,945.0,950.0,936.2,2.37M,-1.20%
2020-06-10 00:00:00,950.4,950.0,952.8,942.6,1.21M,0.25%
2020-06-09 00:00:00,948.0,946.6,954.0,938.0,1.29M,0.42%
2020-06-08 00:00:00,944.0,952.4,956.6,944.0,1.14M,-0.53%
2020-06-05 00:00:00,949.0,945.6,951.8,942.4,697.05K,0.89%
2020-06-04 00:00:00,940.6,950.0,953.2,934.4,1.16M,-1.47%
2020-06-03 00:00:00,954.6,950.6,954.6,941.6,1.46M,1.02%
2020-06-02 00:00:00,945.0,938.4,948.0,937.4,991.60K,0.64%
2020-06-01 00:00:00,939.0,940.6,946.2,928.0,968.63K,0.47%
2020-05-29 00:00:00,934.6,936.2,940.0,922.4,1.98M,-0.57%
2020-05-28 00:00:00,940.0,922.0,940.0,915.4,1.34M,2.24%
2020-05-27 00:00:00,919.4,911.8,923.0,906.4,1.24M,1.59%
2020-05-26 00:00:00,905.0,909.2,923.0,905.0,2.00M,-0.33%
2020-05-25 00:00:00,908.0,874.0,909.0,873.0,1.51M,4.13%
2020-05-22 00:00:00,872.0,857.2,875.0,854.2,1.18M,0.97%
2020-05-21 00:00:00,863.6,884.4,895.8,862.0,1.40M,-2.35%
2020-05-20 00:00:00,884.4,862.0,885.2,855.0,1.12M,2.55%
2020-05-19 00:00:00,862.4,861.4,868.4,855.0,1.00M,0.16%
2020-05-18 00:00:00,861.0,831.4,861.0,831.4,1.13M,4.46%
2020-05-15 00:00:00,824.2,828.4,842.6,824.2,1.16M,0.10%
2020-05-14 00:00:00,823.4,837.8,841.0,818.4,1.57M,-1.74%
2020-05-13 00:00:00,838.0,852.0,853.6,838.0,992.74K,-1.80%
2020-05-12 00:00:00,853.4,862.4,867.6,853.4,1.38M,-2.07%
2020-05-08 00:00:00,871.4,873.0,873.8,866.6,519.53K,0.25%
2020-05-07 00:00:00,869.2,874.6,881.6,869.2,1.11M,-0.16%
2020-05-06 00:00:00,870.6,877.0,883.4,870.0,819.54K,-0.30%
2020-05-05 00:00:00,873.2,876.4,880.8,870.4,542.25K,0.25%
2020-05-04 00:00:00,871.0,881.0,881.2,866.0,881.38K,-2.09%
2020-04-30 00:00:00,889.6,879.8,892.4,870.4,1.43M,1.60%
2020-04-29 00:00:00,875.6,875.6,890.8,870.6,1.20M,0.64%
2020-04-28 00:00:00,870.0,871.8,886.0,864.2,1.26M,0.12%
2020-04-27 00:00:00,869.0,866.8,874.8,863.2,897.34K,0.77%
2020-04-24 00:00:00,862.4,869.4,870.8,861.0,1.00M,-0.87%
2020-04-23 00:00:00,870.0,874.0,874.6,860.0,996.43K,0.16%
2020-04-22 00:00:00,868.6,865.8,879.0,861.2,1.46M,0.30%
2020-04-21 00:00:00,866.0,871.0,871.8,850.4,1.41M,-0.94%
2020-04-20 00:00:00,874.2,862.2,880.8,858.6,996.90K,1.11%
2020-04-17 00:00:00,864.6,869.4,877.2,862.2,605.61K,0.84%
2020-04-16 00:00:00,857.4,862.6,882.2,854.0,1.39M,-0.44%
2020-04-15 00:00:00,861.2,894.0,896.0,853.4,1.30M,-4.20%
2020-04-14 00:00:00,899.0,890.0,901.4,887.8,954.62K,1.90%
2020-04-13 00:00:00,882.2,899.0,900.6,881.4,512.52K,-1.98%
2020-04-10 00:00:00,900.0,903.6,903.6,892.8,309.05K,-0.55%
2020-04-09 00:00:00,905.0,900.0,905.0,885.2,1.32M,0.65%
2020-04-08 00:00:00,899.2,884.0,899.2,878.0,814.79K,1.26%
2020-04-07 00:00:00,888.0,900.0,904.0,882.4,1.65M,-0.54%
2020-04-06 00:00:00,892.8,887.0,898.0,876.6,1.05M,1.22%
2020-04-03 00:00:00,882.0,859.2,885.0,856.6,2.01M,2.61%
2020-04-02 00:00:00,859.6,855.0,872.0,838.0,1.17M,1.32%
2020-04-01 00:00:00,848.4,851.4,863.2,845.0,1.20M,-2.10%
2020-03-31 00:00:00,866.6,848.4,873.0,837.4,2.18M,2.73%
2020-03-30 00:00:00,843.6,813.8,843.6,807.2,1.01M,2.20%
2020-03-27 00:00:00,825.4,841.0,847.6,819.0,1.02M,-2.76%
2020-03-26 00:00:00,848.8,850.0,853.0,819.2,1.33M,-0.54%
2020-03-25 00:00:00,853.4,851.0,892.0,828.0,2.30M,1.14%
2020-03-24 00:00:00,843.8,813.8,849.8,809.4,1.88M,6.33%
2020-03-23 00:00:00,793.6,790.0,818.0,780.0,1.43M,-2.34%
2020-03-20 00:00:00,812.6,824.8,845.8,800.4,2.20M,0.07%
2020-03-19 00:00:00,812.0,780.0,820.0,762.0,2.20M,4.10%
2020-03-18 00:00:00,780.0,777.2,805.0,775.8,1.91M,-2.55%
2020-03-17 00:00:00,800.4,812.2,830.6,777.0,1.92M,-2.25%
2020-03-16 00:00:00,818.8,820.4,827.2,770.0,2.19M,1.14%
2020-03-13 00:00:00,809.6,775.0,825.0,773.0,3.04M,4.22%
2020-03-12 00:00:00,776.8,800.0,805.0,771.6,3.27M,-5.73%
2020-03-11 00:00:00,824.0,845.0,848.8,814.4,2.48M,-0.60%
2020-03-10 00:00:00,829.0,772.0,856.6,770.0,4.37M,2.52%
2020-03-06 00:00:00,808.6,820.0,826.2,792.6,2.15M,-2.58%
2020-03-05 00:00:00,830.0,838.0,839.8,823.4,1.71M,0.36%
2020-03-04 00:00:00,827.0,818.8,834.6,812.0,1.27M,0.80%
2020-03-03 00:00:00,820.4,830.6,834.8,817.4,1.96M,1.21%
2020-03-02 00:00:00,810.6,832.6,846.8,799.4,2.45M,-0.49%
2020-02-28 00:00:00,814.6,845.6,855.6,807.4,3.89M,-5.87%
2020-02-27 00:00:00,865.4,883.0,892.0,865.4,2.32M,-2.37%
2020-02-26 00:00:00,886.4,889.0,896.8,881.0,1.85M,-0.40%
2020-02-25 00:00:00,890.0,899.2,909.6,890.0,1.68M,-1.98%
2020-02-21 00:00:00,908.0,912.0,915.0,908.0,1.18M,-0.85%
2020-02-20 00:00:00,915.8,914.6,927.6,911.4,1.26M,0.20%
2020-02-19 00:00:00,914.0,917.4,920.4,908.4,1.10M,-0.07%
2020-02-18 00:00:00,914.6,922.4,924.4,913.2,835.02K,-1.08%
2020-02-17 00:00:00,924.6,930.2,933.6,922.2,514.46K,-0.37%
2020-02-14 00:00:00,928.0,929.8,933.2,921.4,508.96K,0.22%
2020-02-13 00:00:00,926.0,935.0,936.0,926.0,623.63K,-1.28%
2020-02-12 00:00:00,938.0,926.0,943.0,920.2,1.34M,1.58%
2020-02-11 00:00:00,923.4,926.6,932.4,923.0,956.25K,0.15%
2020-02-10 00:00:00,922.0,934.2,937.0,919.2,850.35K,-1.43%
2020-02-07 00:00:00,935.4,925.2,935.4,920.0,913.19K,1.12%
2020-02-06 00:00:00,925.0,927.0,934.6,918.2,1.02M,0.17%
2020-02-05 00:00:00,923.4,916.0,934.6,912.0,1.17M,1.21%
2020-02-04 00:00:00,912.4,908.2,924.8,908.0,1.38M,0.91%
2020-02-03 00:00:00,904.2,909.8,918.2,904.2,1.99M,-0.79%
2020-01-31 00:00:00,911.4,940.2,941.2,911.4,1.81M,-2.11%
2020-01-30 00:00:00,931.0,935.8,942.4,928.4,727.44K,-1.08%
2020-01-29 00:00:00,941.2,945.6,947.6,933.6,629.79K,0.28%
2020-01-28 00:00:00,938.6,934.0,942.6,923.6,729.69K,0.92%
2020-01-27 00:00:00,930.0,946.6,953.0,925.4,1.30M,-2.74%
2020-01-24 00:00:00,956.2,964.4,973.0,955.8,534.85K,-0.60%
2020-01-23 00:00:00,962.0,954.0,968.4,946.0,987.73K,0.29%
2020-01-22 00:00:00,959.2,978.6,986.2,956.4,1.20M,-1.98%
2020-01-21 00:00:00,978.6,990.0,990.0,971.4,1.11M,-1.21%
2020-01-20 00:00:00,990.6,980.0,1000.0,960.0,1.25M,1.37%
2020-01-17 00:00:00,977.2,964.8,978.0,961.0,1.18M,1.43%
2020-01-16 00:00:00,963.4,962.0,971.0,960.2,771.92K,0.33%
2020-01-15 00:00:00,960.2,967.0,967.6,950.0,1.42M,-0.79%
2020-01-14 00:00:00,967.8,960.2,976.2,959.2,1.74M,0.79%
2020-01-13 00:00:00,960.2,942.0,960.2,936.0,1.33M,2.43%
2020-01-10 00:00:00,937.4,932.0,937.4,928.4,461.42K,0.99%
2020-01-09 00:00:00,928.2,926.0,937.0,926.0,1.03M,0.11%
2020-01-08 00:00:00,927.2,924.2,931.6,918.0,677.14K,-0.19%
2020-01-06 00:00:00,929.0,945.0,945.6,923.2,737.79K,-1.78%
2020-01-03 00:00:00,945.8,943.4,947.4,938.4,572.09K,0.87%
2019-12-30 00:00:00,937.6,940.0,943.8,936.0,477.44K,-0.06%
2019-12-27 00:00:00,938.2,929.4,943.0,929.4,692.38K,0.95%
2019-12-26 00:00:00,929.4,927.4,929.8,924.2,262.21K,0.35%
2019-12-25 00:00:00,926.2,928.4,929.0,922.2,185.21K,-0.13%
2019-12-24 00:00:00,927.4,930.0,936.0,925.6,388.53K,-0.28%
2019-12-23 00:00:00,930.0,926.4,930.0,920.4,581.72K,0.39%
2019-12-20 00:00:00,926.4,926.6,928.0,919.0,567.19K,-0.22%
2019-12-19 00:00:00,928.4,928.8,928.8,914.6,1.13M,-0.02%
2019-12-18 00:00:00,928.6,929.0,930.0,922.2,917.98K,-0.15%
2019-12-17 00:00:00,930.0,924.0,930.0,917.2,1.27M,0.76%
2019-12-16 00:00:00,923.0,920.2,929.4,915.6,1.02M,0.50%
2019-12-13 00:00:00,918.4,904.6,920.0,904.0,1.50M,1.93%
2019-12-12 00:00:00,901.0,897.6,907.0,896.4,1.35M,0.49%
2019-12-11 00:00:00,896.6,888.0,897.8,886.8,958.76K,0.88%
2019-12-10 00:00:00,888.8,892.0,892.0,885.0,1.27M,-0.31%
2019-12-09 00:00:00,891.6,885.0,891.6,881.2,775.75K,0.97%
2019-12-06 00:00:00,883.0,880.2,885.0,878.0,627.74K,0.25%
2019-12-05 00:00:00,880.8,877.2,885.0,868.8,992.26K,0.62%
2019-12-04 00:00:00,875.4,879.2,879.2,865.0,965.42K,0.09%
2019-12-03 00:00:00,874.6,882.0,885.8,870.4,1.27M,-1.18%
2019-12-02 00:00:00,885.0,884.2,891.0,878.6,2.00M,-2.53%
2019-11-29 00:00:00,908.0,907.6,909.4,900.0,1.73M,0.02%
2019-11-28 00:00:00,907.8,911.0,911.0,898.8,838.13K,-0.37%
2019-11-27 00:00:00,911.2,914.0,915.0,906.0,798.35K,0.18%
2019-11-26 00:00:00,909.6,914.8,920.8,906.0,2.55M,-0.81%
2019-11-25 00:00:00,917.0,903.8,919.0,903.0,1.66M,1.69%
2019-11-22 00:00:00,901.8,895.6,902.0,891.8,886.85K,0.69%
2019-11-21 00:00:00,895.6,898.2,902.4,891.0,1.24M,-0.82%
2019-11-20 00:00:00,903.0,897.0,906.8,895.4,1.20M,-0.18%
2019-11-19 00:00:00,904.6,887.0,904.6,884.4,1.94M,2.33%
2019-11-18 00:00:00,884.0,883.2,894.6,880.0,1.27M,0.29%
2019-11-15 00:00:00,881.4,881.4,886.8,877.2,1.06M,0.07%
2019-11-14 00:00:00,880.8,891.0,893.8,875.2,1.66M,-1.01%
2019-11-13 00:00:00,889.8,896.0,900.8,888.2,1.28M,-1.13%
2019-11-12 00:00:00,900.0,898.0,904.2,893.8,1.40M,0.56%
2019-11-11 00:00:00,895.0,908.8,916.2,893.6,1.91M,-1.61%
2019-11-08 00:00:00,909.6,930.8,930.8,905.0,2.35M,-2.32%
2019-11-07 00:00:00,931.2,922.2,938.4,916.2,1.81M,0.82%
2019-11-06 00:00:00,923.6,914.0,926.0,914.0,1.62M,1.05%
2019-11-05 00:00:00,914.0,895.2,916.0,895.0,1.56M,2.33%
2019-11-01 00:00:00,893.2,885.0,893.2,882.2,631.55K,1.25%
2019-10-31 00:00:00,882.2,896.0,902.0,880.2,1.29M,-1.43%
2019-10-30 00:00:00,895.0,903.0,905.6,890.4,1.10M,-0.93%
2019-10-29 00:00:00,903.4,888.0,906.2,881.6,1.21M,1.96%
2019-10-28 00:00:00,886.0,880.0,898.2,878.2,1.38M,0.87%
2019-10-25 00:00:00,878.4,876.4,879.4,872.6,1.15M,0.14%
2019-10-24 00:00:00,877.2,878.0,880.6,872.4,975.29K,0.14%
2019-10-23 00:00:00,876.0,876.8,879.2,871.2,1.01M,-0.23%
2019-10-22 00:00:00,878.0,871.0,882.2,871.0,1.11M,0.80%
2019-10-21 00:00:00,871.0,879.8,882.0,870.2,1.29M,-1.14%
2019-10-18 00:00:00,881.0,892.4,892.4,878.0,2.42M,-1.45%
2019-10-17 00:00:00,894.0,889.0,898.2,887.6,1.05M,0.79%
2019-10-16 00:00:00,887.0,874.0,888.8,872.0,1.11M,1.79%
2019-10-15 00:00:00,871.4,876.8,881.8,864.0,1.71M,-1.09%
2019-10-14 00:00:00,881.0,897.8,899.6,879.0,693.82K,-1.39%
2019-10-11 00:00:00,893.4,898.4,906.4,889.6,1.15M,-0.07%
2019-10-10 00:00:00,894.0,877.6,896.0,870.2,983.00K,2.41%
2019-10-09 00:00:00,873.0,881.8,887.8,870.6,1.02M,-0.66%
2019-10-08 00:00:00,878.8,884.8,897.2,874.2,1.53M,-0.14%
2019-10-07 00:00:00,880.0,879.0,892.8,862.2,1.59M,0.36%
2019-10-04 00:00:00,876.8,886.4,894.4,869.8,1.44M,-0.61%
2019-10-03 00:00:00,882.2,903.0,903.0,876.2,2.29M,-2.15%
2019-10-02 00:00:00,901.6,922.0,928.4,901.0,1.72M,-2.40%
2019-10-01 00:00:00,923.8,935.0,938.8,921.0,1.32M,-1.01%
2019-09-30 00:00:00,933.2,945.4,950.2,933.2,968.68K,-1.19%
2019-09-27 00:00:00,944.4,950.0,951.4,941.0,512.30K,-0.67%
2019-09-26 00:00:00,950.8,947.0,953.2,942.6,673.77K,0.61%
2019-09-25 00:00:00,945.0,941.2,948.6,935.0,1.04M,0.30%
2019-09-24 00:00:00,942.2,956.0,965.4,940.8,1.41M,-1.30%
2019-09-23 00:00:00,954.6,966.0,966.6,953.2,818.04K,-1.08%
2019-09-20 00:00:00,965.0,967.0,969.0,956.8,1.12M,-0.21%
2019-09-19 00:00:00,967.0,986.6,993.6,966.0,1.72M,-2.01%
2019-09-18 00:00:00,986.8,999.0,1003.6,980.4,978.84K,-1.20%
2019-09-17 00:00:00,998.8,999.0,999.6,990.2,807.54K,-0.12%
2019-09-16 00:00:00,1000.0,991.0,1000.0,977.6,1.38M,-1.38%
2019-09-13 00:00:00,1014.0,1016.4,1019.0,1005.4,1.20M,-0.45%
2019-09-12 00:00:00,1018.6,1020.0,1022.8,1006.4,1.01M,-0.33%
2019-09-11 00:00:00,1022.0,1005.0,1023.8,1001.0,1.16M,1.69%
2019-09-10 00:00:00,1005.0,999.8,1006.0,993.6,878.75K,0.68%
2019-09-09 00:00:00,998.2,1002.8,1002.8,994.0,681.74K,0.54%
2019-09-06 00:00:00,992.8,1000.0,1001.0,988.2,712.85K,-0.88%
2019-09-05 00:00:00,1001.6,990.0,1005.0,988.8,1.08M,1.52%
2019-09-04 00:00:00,986.6,992.8,999.4,983.2,910.20K,-0.40%
2019-09-03 00:00:00,990.6,1003.0,1005.0,982.4,1.09M,-1.24%
2019-09-02 00:00:00,1003.0,1000.2,1008.8,993.0,870.52K,0.02%
2019-08-30 00:00:00,1002.8,980.0,1002.8,979.6,1.29M,2.43%
2019-08-29 00:00:00,979.0,959.6,980.4,958.0,926.75K,2.11%
2019-08-28 00:00:00,958.8,952.0,962.6,950.2,1.06M,0.61%
2019-08-27 00:00:00,953.0,949.4,953.0,941.4,1.07M,0.63%
2019-08-26 00:00:00,947.0,942.0,951.8,937.2,400.37K,0.11%
2019-08-23 00:00:00,946.0,945.0,951.8,942.4,618.92K,0.21%
2019-08-22 00:00:00,944.0,954.0,956.2,941.2,714.38K,-1.07%
2019-08-21 00:00:00,954.2,958.6,962.4,951.8,496.61K,-0.33%
2019-08-20 00:00:00,957.4,946.2,964.0,946.2,1.08M,1.21%
2019-08-19 00:00:00,946.0,933.4,952.0,926.0,1.25M,1.90%
2019-08-16 00:00:00,928.4,949.0,949.6,926.8,792.84K,-1.55%
2019-08-15 00:00:00,943.0,950.0,959.4,939.0,1.04M,-0.46%
2019-08-14 00:00:00,947.4,957.0,959.6,938.6,1.39M,-0.69%
2019-08-13 00:00:00,954.0,969.6,971.4,951.0,1.14M,-1.61%
2019-08-12 00:00:00,969.6,970.0,977.6,968.8,695.70K,-0.10%
2019-08-09 00:00:00,970.6,990.6,992.8,970.6,1.13M,-1.88%
2019-08-08 00:00:00,989.2,994.0,995.4,989.2,606.05K,0.20%
2019-08-07 00:00:00,987.2,992.6,996.8,984.2,819.61K,-0.18%
2019-08-06 00:00:00,989.0,996.0,1000.2,986.2,1.48M,-0.30%
2019-08-05 00:00:00,992.0,1002.2,1011.0,990.2,1.29M,-0.84%
2019-08-02 00:00:00,1000.4,1014.0,1050.0,1000.4,923.51K,-1.83%
2019-08-01 00:00:00,1019.0,1025.0,1028.0,1016.0,342.33K,-0.95%
2019-07-31 00:00:00,1028.8,1021.8,1029.6,1018.4,398.38K,0.47%
2019-07-30 00:00:00,1024.0,1032.0,1036.4,1020.2,552.71K,-0.49%
2019-07-29 00:00:00,1029.0,1028.6,1032.0,1022.4,264.59K,0.21%
2019-07-26 00:00:00,1026.8,1038.8,1040.6,1025.2,544.64K,-1.16%
2019-07-25 00:00:00,1038.8,1038.6,1050.0,1031.2,691.96K,0.48%
2019-07-24 00:00:00,1033.8,1051.0,1051.8,1032.8,573.47K,-1.64%
2019-07-23 00:00:00,1051.0,1056.2,1061.6,1045.4,458.36K,-0.47%
2019-07-22 00:00:00,1056.0,1048.6,1059.6,1040.2,352.92K,1.21%
2019-07-19 00:00:00,1043.4,1061.2,1069.4,1042.2,594.13K,-1.92%
2019-07-18 00:00:00,1063.8,1051.6,1073.0,1049.2,865.87K,0.87%
2019-07-17 00:00:00,1054.6,1049.4,1054.8,1046.2,274.57K,0.50%
2019-07-16 00:00:00,1049.4,1043.2,1056.2,1043.2,609.95K,0.56%
2019-07-15 00:00:00,1043.6,1049.6,1054.8,1040.6,423.67K,-0.08%
2019-07-12 00:00:00,1044.4,1054.2,1058.2,1038.0,761.94K,-0.93%
2019-07-11 00:00:00,1054.2,1079.0,1079.4,1048.0,744.58K,-2.33%
2019-07-10 00:00:00,1079.4,1071.4,1080.4,1059.4,699.81K,0.75%
2019-07-09 00:00:00,1071.4,1065.0,1074.4,1061.0,423.77K,0.51%
2019-07-08 00:00:00,1066.0,1048.6,1066.8,1044.0,607.71K,1.35%
2019-07-05 00:00:00,1051.8,1065.0,1066.4,1048.4,605.41K,-1.24%
2019-07-04 00:00:00,1065.0,1078.0,1078.4,1057.8,568.66K,-1.24%
2019-07-03 00:00:00,1078.4,1080.0,1080.8,1068.0,607.12K,0.32%
2019-07-02 00:00:00,1075.0,1070.0,1082.0,1066.2,829.64K,0.39%
2019-07-01 00:00:00,1070.8,1074.4,1085.0,1070.8,641.65K,0.30%
2019-06-28 00:00:00,1067.6,1080.0,1080.0,1065.0,736.68K,-1.84%
2019-06-27 00:00:00,1087.6,1097.8,1100.8,1086.2,437.88K,-0.59%
2019-06-26 00:00:00,1094.0,1098.0,1104.0,1094.0,691.69K,-0.13%
2019-06-25 00:00:00,1095.4,1082.4,1095.4,1077.2,300.14K,1.14%
2019-06-24 00:00:00,1083.0,1095.0,1100.0,1078.6,467.01K,-1.31%
2019-06-21 00:00:00,1097.4,1097.0,1098.0,1086.4,781.84K,-0.16%
2019-06-20 00:00:00,1099.2,1090.0,1101.8,1085.4,1.23M,1.42%
2019-06-19 00:00:00,1083.8,1083.0,1093.6,1075.2,718.82K,0.22%
2019-06-18 00:00:00,1081.4,1056.0,1082.2,1053.4,1.03M,2.06%
2019-06-17 00:00:00,1059.6,1090.0,1096.8,1059.0,1.40M,-5.48%
2019-06-14 00:00:00,1121.0,1109.6,1121.6,1103.8,1.47M,1.36%
2019-06-13 00:00:00,1106.0,1084.8,1109.0,1081.2,1.23M,1.95%
2019-06-11 00:00:00,1084.8,1060.0,1084.8,1057.0,1.04M,2.34%
2019-06-10 00:00:00,1060.0,1050.4,1060.0,1050.2,484.93K,0.95%
2019-06-07 00:00:00,1050.0,1048.8,1054.6,1048.6,625.64K,0.11%
2019-06-06 00:00:00,1048.8,1032.8,1052.8,1032.8,661.31K,1.49%
2019-06-05 00:00:00,1033.4,1042.0,1045.8,1030.6,382.42K,-1.00%
2019-06-04 00:00:00,1043.8,1038.4,1045.0,1035.0,920.35K,0.37%
2019-06-03 00:00:00,1040.0,1030.0,1042.0,1024.0,697.69K,0.35%
2019-05-31 00:00:00,1036.4,1044.8,1045.0,1026.2,680.75K,-1.13%
2019-05-30 00:00:00,1048.2,1039.0,1050.4,1032.8,709.70K,0.89%
2019-05-29 00:00:00,1039.0,1026.6,1039.0,1019.6,629.58K,0.89%
2019-05-28 00:00:00,1029.8,1003.6,1029.8,1001.8,1.60M,2.75%
2019-05-27 00:00:00,1002.2,999.0,1007.0,999.0,163.49K,0.40%
2019-05-24 00:00:00,998.2,998.0,1007.8,994.0,627.49K,0.22%
2019-05-23 00:00:00,996.0,1007.8,1008.0,992.4,617.20K,-1.23%
2019-05-22 00:00:00,1008.4,996.0,1013.8,993.6,988.21K,1.27%
2019-05-21 00:00:00,995.8,985.0,1004.2,980.0,924.11K,1.76%
2019-05-20 00:00:00,978.6,977.0,992.0,975.8,718.24K,0.55%
2019-05-17 00:00:00,973.2,973.8,978.4,967.0,651.32K,0.10%
2019-05-16 00:00:00,972.2,975.8,982.0,972.2,704.80K,-0.39%
2019-05-15 00:00:00,976.0,980.0,988.6,974.4,738.68K,-0.41%
2019-05-14 00:00:00,980.0,993.0,1000.0,980.0,896.28K,-0.81%
2019-05-13 00:00:00,988.0,1000.0,1006.0,986.4,782.78K,-1.06%
2019-05-10 00:00:00,998.6,1023.0,1030.6,998.6,1.50M,-2.90%
2019-05-08 00:00:00,1028.4,1035.0,1037.4,1028.4,429.32K,-0.54%
2019-05-07 00:00:00,1034.0,1032.2,1043.4,1030.4,773.82K,0.14%
2019-05-06 00:00:00,1032.6,1026.6,1034.0,1024.0,464.39K,-2.12%
2019-05-03 00:00:00,1055.0,1058.6,1061.2,1049.0,852.05K,0.13%
2019-05-02 00:00:00,1053.6,1049.6,1060.0,1046.6,421.52K,0.80%
2019-04-30 00:00:00,1045.2,1057.6,1060.4,1045.2,582.55K,-1.21%
2019-04-29 00:00:00,1058.0,1059.0,1065.8,1055.4,364.55K,-0.13%
2019-04-26 00:00:00,1059.4,1048.0,1059.4,1038.6,545.11K,1.38%
2019-04-25 00:00:00,1045.0,1053.0,1058.2,1045.0,576.82K,-0.76%
2019-04-24 00:00:00,1053.0,1040.0,1054.0,1035.2,567.70K,1.21%
2019-04-23 00:00:00,1040.4,1052.0,1052.6,1036.0,904.50K,-1.29%
2019-04-22 00:00:00,1054.0,1050.0,1055.0,1048.0,186.69K,0.61%
2019-04-19 00:00:00,1047.6,1041.0,1049.8,1041.0,207.31K,1.18%
2019-04-18 00:00:00,1035.4,1037.0,1038.8,1032.0,473.09K,-0.15%
2019-04-17 00:00:00,1037.0,1046.6,1053.4,1033.4,778.05K,-0.92%
2019-04-16 00:00:00,1046.6,1039.0,1046.6,1034.8,521.03K,0.83%
2019-04-15 00:00:00,1038.0,1039.2,1042.8,1030.6,448.56K,-0.12%
2019-04-12 00:00:00,1039.2,1024.8,1048.4,1023.0,592.89K,1.52%
2019-04-11 00:00:00,1023.6,1035.0,1038.6,1022.6,465.00K,-1.04%
2019-04-10 00:00:00,1034.4,1046.0,1052.4,1034.4,865.74K,-0.92%
2019-04-09 00:00:00,1044.0,1037.0,1050.0,1034.0,717.16K,0.10%
2019-04-08 00:00:00,1043.0,1045.8,1054.0,1043.0,410.90K,-0.02%
2019-04-05 00:00:00,1043.2,1053.8,1053.8,1043.2,308.91K,-0.84%
2019-04-04 00:00:00,1052.0,1058.0,1058.0,1041.4,558.29K,-0.60%
2019-04-03 00:00:00,1058.4,1045.0,1059.8,1043.0,750.10K,1.59%
2019-04-02 00:00:00,1041.8,1031.6,1045.4,1028.4,575.60K,1.32%
2019-04-01 00:00:00,1028.2,1029.6,1038.0,1021.6,626.23K,0.02%
2019-03-29 00:00:00,1028.0,1027.0,1035.8,1022.2,752.28K,0.02%
2019-03-28 00:00:00,1027.8,1006.0,1030.0,1004.4,733.45K,2.17%
2019-03-27 00:00:00,1006.0,1014.8,1016.0,1006.0,306.48K,-0.87%
2019-03-26 00:00:00,1014.8,1011.0,1014.8,1008.4,275.95K,0.63%
2019-03-25 00:00:00,1008.4,1011.0,1016.2,1006.8,424.93K,-0.51%
2019-03-22 00:00:00,1013.6,1017.2,1019.8,1010.4,401.80K,-0.35%
2019-03-21 00:00:00,1017.2,1016.0,1022.2,1011.0,595.96K,0.37%
2019-03-20 00:00:00,1013.4,1017.4,1021.8,1007.0,649.02K,-0.63%
2019-03-19 00:00:00,1019.8,1030.8,1038.4,1016.4,1.01M,-1.39%
2019-03-18 00:00:00,1034.2,1034.8,1036.8,1020.2,1.10M,-0.25%
2019-03-15 00:00:00,1036.8,1010.0,1041.0,1005.2,2.08M,2.88%
2019-03-14 00:00:00,1007.8,1012.8,1019.8,1004.4,452.15K,-0.61%
2019-03-13 00:00:00,1014.0,1017.8,1023.6,1013.0,572.05K,-0.74%
2019-03-12 00:00:00,1021.6,1025.8,1031.2,1018.0,436.49K,-0.41%
2019-03-11 00:00:00,1025.8,1015.2,1026.8,1011.2,343.64K,0.49%
2019-03-07 00:00:00,1020.8,1029.6,1034.0,1019.4,365.55K,-0.85%
2019-03-06 00:00:00,1029.6,1034.0,1038.6,1022.2,433.88K,-0.37%
2019-03-05 00:00:00,1033.4,1041.0,1048.0,1024.0,815.17K,-0.79%
2019-03-04 00:00:00,1041.6,1033.4,1048.6,1029.2,1.12M,1.22%
2019-03-01 00:00:00,1029.0,1026.0,1031.8,1021.6,445.48K,0.02%
2019-02-28 00:00:00,1028.8,1037.6,1037.6,1019.0,776.03K,-0.45%
2019-02-27 00:00:00,1033.4,1035.0,1039.6,1022.6,508.44K,-0.15%
2019-02-26 00:00:00,1035.0,1029.0,1035.0,1021.2,530.15K,0.50%
2019-02-25 00:00:00,1029.8,1005.4,1029.8,1002.0,929.28K,2.82%
2019-02-22 00:00:00,1001.6,995.0,1002.4,994.0,464.41K,0.93%
2019-02-21 00:00:00,992.4,1006.0,1008.2,990.4,622.77K,-1.53%
2019-02-20 00:00:00,1007.8,998.8,1010.8,995.8,696.29K,0.88%
2019-02-19 00:00:00,999.0,1013.2,1014.6,997.2,340.96K,-1.38%
2019-02-18 00:00:00,1013.0,1023.0,1028.0,1005.4,373.28K,-1.09%
2019-02-15 00:00:00,1024.2,1014.8,1027.0,1013.2,436.54K,1.01%
2019-02-14 00:00:00,1014.0,1002.8,1023.2,1001.6,847.19K,0.22%
2019-02-13 00:00:00,1011.8,1034.8,1037.4,1010.8,830.64K,-2.24%
2019-02-12 00:00:00,1035.0,1033.6,1039.2,1023.0,499.62K,0.35%
2019-02-11 00:00:00,1031.4,1021.0,1035.0,1021.0,731.29K,0.90%
2019-02-08 00:00:00,1022.2,1020.0,1030.0,1020.0,460.57K,-0.37%
2019-02-07 00:00:00,1026.0,1016.0,1030.0,1010.2,755.92K,0.69%
2019-02-06 00:00:00,1019.0,1024.0,1028.8,1012.4,935.56K,-0.95%
2019-02-05 00:00:00,1028.8,1030.0,1039.8,1022.0,1.13M,-0.02%
2019-02-04 00:00:00,1029.0,1015.2,1030.0,1014.8,1.10M,1.40%
2019-02-01 00:00:00,1014.8,1000.2,1014.8,988.6,1.14M,1.63%
2019-01-31 00:00:00,998.5,979.3,1006.0,976.7,1.96M,2.28%
2019-01-30 00:00:00,976.2,955.2,976.6,953.3,952.44K,2.02%
2019-01-29 00:00:00,956.9,953.1,959.3,947.0,491.12K,0.46%
2019-01-28 00:00:00,952.5,951.0,953.0,942.2,438.97K,0.16%
2019-01-25 00:00:00,951.0,927.9,951.0,922.3,675.03K,2.70%
2019-01-24 00:00:00,926.0,944.0,944.7,923.7,953.22K,-2.09%
2019-01-23 00:00:00,945.8,946.0,952.2,943.3,414.11K,-0.68%
2019-01-22 00:00:00,952.3,951.6,952.3,946.0,416.31K,0.24%
2019-01-21 00:00:00,950.0,956.0,956.9,948.2,273.22K,-0.50%
2019-01-18 00:00:00,954.8,953.7,961.8,950.3,425.58K,0.17%
2019-01-17 00:00:00,953.2,952.1,954.8,945.2,656.13K,0.01%
2019-01-16 00:00:00,953.1,954.9,959.2,947.1,510.33K,-0.18%
2019-01-15 00:00:00,954.8,959.9,964.0,951.8,550.38K,-0.59%
2019-01-14 00:00:00,960.5,969.8,969.8,956.2,557.87K,-1.23%
2019-01-11 00:00:00,972.5,970.2,972.5,961.5,709.80K,0.26%
2019-01-10 00:00:00,970.0,972.5,973.4,958.6,725.45K,-0.27%
2019-01-09 00:00:00,972.6,953.1,973.5,950.0,1.03M,2.09%
2019-01-08 00:00:00,952.7,952.0,960.0,941.3,565.63K,0.32%
2019-01-04 00:00:00,949.7,934.0,949.7,931.1,335.53K,1.66%
2019-01-03 00:00:00,934.2,940.0,942.6,926.3,601.71K,-0.92%
