"ЖРС_Китай Iron ore fines Fe 62%, CFR","ЖРС_Россия концентрат Fe 64-68%, FCA руб./т, без НДС","ЖРС_Средневзвешенная цена концентрат Fe 64-68%, Россия FCA руб./т, без НДС","Концентрат коксующегося угля_Россия марка КО FCA руб./т, без НДС","Концентрат коксующегося угля_Россия марка КС FCA руб./т, без НДС","Концентрат коксующегося угля_HCC Австралия, $/t FOB","Лом_HMS 1/2 80:20, FOB EC Роттердам, $/т","Лом_3А, РФ CPT ж/д Центральный ФО, руб./т, без НДС","Лом_3А, FOB РФ Черное море, $/т","Чугун_CFR Италия, $/т","Чугун_Россия, FCA руб./т, без НДС","Чугун_FOB Россия Черное море, $/т","ГБЖ_CFR Италия, $/т","ЖРС_Средневзвешенная цена окатыши Fe 62-65,5%, Россия FCA руб./т, без НДС","ЖРС_Средневзвешенная цена аглоруда Fe 52-60%, Россия FCA руб./т, без НДС",date
62,2275.0,,3700.0,3300,106,228,12728,221,,21250,297,,,,2015-02-09 00:00:00
63,2275.0,,3700.0,3300,106,206,12852,213,,21250,278,,,,2015-02-16 00:00:00
64,2275.0,,3700.0,3300,103,207,13034,208,,21250,265,,,,2015-02-23 00:00:00
63,2275.0,2097.0,3700.0,3300,103,214,12910,215,,21250,265,,3540.0,1261.0,2015-03-02 00:00:00
61,2425.0,2097.0,4050.0,3750,103,232,12964,221,,15250,265,,3540.0,1261.0,2015-03-09 00:00:00
58,2425.0,2097.0,4050.0,3750,102,229,12812,223,,15250,263,,3540.0,1261.0,2015-03-16 00:00:00
56,2425.0,2097.0,4050.0,3750,101,230,12694,220,,15250,263,,3540.0,1261.0,2015-03-23 00:00:00
55,2425.0,2322.0,4050.0,3750,98,231,12569,221,,15250,261,,3601.0,1267.0,2015-03-30 00:00:00
50,2175.0,2322.0,4050.0,3750,95,235,12421,229,,13250,264,,3601.0,1267.0,2015-04-06 00:00:00
48,2175.0,2322.0,5200.0,4400,92,238,12146,229,,13250,260,,3601.0,1267.0,2015-04-13 00:00:00
50,2175.0,2322.0,5200.0,4400,90,245,11716,238,,13250,260,,3601.0,1267.0,2015-04-20 00:00:00
54,2175.0,2322.0,5200.0,4400,88,250,11035,243,,13250,264,,3601.0,1267.0,2015-04-27 00:00:00
58,2175.0,2192.0,5200.0,4400,86,251,10865,244,,13250,263,,3376.0,1051.0,2015-05-04 00:00:00
60,1750.0,2192.0,5200.0,4400,82,259,10463,252,,12750,270,,3376.0,1051.0,2015-05-11 00:00:00
62,1750.0,2192.0,5200.0,4400,82,265,10454,255,,12750,270,,3376.0,1051.0,2015-05-18 00:00:00
59,1750.0,2192.0,5200.0,4400,81,263,10315,250,,12750,272,,2594.0,1051.0,2015-05-25 00:00:00
62,1750.0,1772.0,5200.0,4400,82,262,10333,245,,12750,270,,2594.0,1170.0,2015-06-01 00:00:00
64,1950.0,1772.0,5000.0,4250,83,261,10268,239,,13000,272,,2594.0,1170.0,2015-06-08 00:00:00
65,1950.0,1772.0,5000.0,4250,85,261,10225,242,,13000,271,,2594.0,1170.0,2015-06-15 00:00:00
62,1950.0,1772.0,5000.0,4250,87,257,10232,239,,13000,268,,2594.0,1170.0,2015-06-22 00:00:00
61,1950.0,1991.0,5000.0,4250,88,237,10245,229,,13000,266,,2756.0,1180.0,2015-06-29 00:00:00
58,2125.0,1991.0,4000.0,3300,87,224,10417,223,,13000,259,,2756.0,1180.0,2015-07-06 00:00:00
49,2125.0,1991.0,4000.0,3300,87,219,10682,212,,13000,255,,2756.0,1180.0,2015-07-13 00:00:00
50,2125.0,1991.0,4000.0,3300,84,201,10880,194,,13000,245,,2756.0,1180.0,2015-07-20 00:00:00
52,2125.0,2144.0,4000.0,3300,80,201,10883,203,,13000,245,,3008.0,1093.0,2015-07-27 00:00:00
54,1900.0,2144.0,4000.0,3300,79,208,10838,208,,13000,240,,3008.0,1093.0,2015-08-03 00:00:00
56,1900.0,2144.0,4000.0,3300,83,215,10840,208,,13000,245,,3008.0,1093.0,2015-08-10 00:00:00
56,1900.0,2144.0,4000.0,3300,83,211,10823,212,,13000,245,,3008.0,1093.0,2015-08-17 00:00:00
56,1900.0,2144.0,4000.0,3300,81,204,10853,212,,13000,240,,3008.0,1093.0,2015-08-24 00:00:00
54,1900.0,1910.0,4000.0,3300,81,211,10841,207,,13000,235,,2745.0,1098.0,2015-08-31 00:00:00
56,2000.0,1910.0,4000.0,3300,81,201,10961,202,,14000,230,,2745.0,1098.0,2015-09-07 00:00:00
58,2000.0,1910.0,4000.0,3300,81,184,10946,183,,14000,210,,2745.0,1098.0,2015-09-14 00:00:00
57,2000.0,1910.0,4000.0,3300,81,180,10949,181,,14000,210,,2745.0,1098.0,2015-09-21 00:00:00
57,2000.0,2018.0,4000.0,3300,80,170,10718,172,,14000,205,,2949.0,1107.0,2015-09-28 00:00:00
55,2150.0,2018.0,4000.0,3300,79,165,10670,165,,14000,195,,2949.0,1107.0,2015-10-05 00:00:00
55,2150.0,2018.0,4200.0,3450,80,154,10531,163,,14000,190,,2949.0,1107.0,2015-10-12 00:00:00
55,2150.0,2018.0,4200.0,3450,79,153,10400,154,,14000,175,,2949.0,1107.0,2015-10-19 00:00:00
52,2150.0,2178.0,4200.0,3450,78,154,10384,151,,14000,180,,3307.0,1099.0,2015-10-26 00:00:00
50,2150.0,2178.0,4200.0,3450,77,167,10008,158,,14000,185,,3307.0,1099.0,2015-11-02 00:00:00
48,2150.0,2178.0,4200.0,3450,76,174,9850,166,,11000,185,,3307.0,1099.0,2015-11-09 00:00:00
48,2150.0,2178.0,4200.0,3450,74,182,9541,175,,11000,190,,3307.0,1099.0,2015-11-16 00:00:00
46,2150.0,2178.0,4200.0,3450,73,181,9154,173,,11000,190,,3307.0,1099.0,2015-11-23 00:00:00
44,2150.0,2112.0,4200.0,3450,72,180,9052,168,,11000,185,,3150.0,1125.0,2015-11-30 00:00:00
41,1925.0,2112.0,4200.0,3450,74,176,9138,163,,11000,180,,3150.0,1125.0,2015-12-07 00:00:00
39,1925.0,2112.0,4200.0,3450,75,176,9142,161,,11000,180,,3150.0,1125.0,2015-12-14 00:00:00
39,1925.0,2112.0,4200.0,3450,75,174,9135,160,,11000,180,,3150.0,1125.0,2015-12-21 00:00:00
40,1925.0,1884.0,4200.0,3450,76,172,9116,158,,11000,180,,2826.0,1115.0,2015-12-28 00:00:00
42,1925.0,1884.0,4200.0,3450,76,172,9095,160,,11000,180,,2826.0,1115.0,2016-01-04 00:00:00
42,1650.0,1884.0,4200.0,3450,77,173,9221,160,,11000,185,,2826.0,1115.0,2016-01-11 00:00:00
40,1650.0,1884.0,4200.0,3450,77,173,9089,159,,11000,190,,2826.0,1115.0,2016-01-18 00:00:00
42,1650.0,1884.0,4200.0,3450,75,172,9126,156,,11000,190,,2826.0,1115.0,2016-01-25 00:00:00
42,1650.0,1751.0,4200.0,3450,75,165,9231,153,,11000,190,,2456.0,1134.0,2016-02-01 00:00:00
44,1725.0,1751.0,4200.0,3450,74,165,9428,150,,11700,185,,2456.0,1134.0,2016-02-08 00:00:00
44,1725.0,1751.0,4200.0,3450,73,164,9540,148,,11700,185,,2456.0,1134.0,2016-02-15 00:00:00
47,1725.0,1751.0,4200.0,3450,74,166,9664,150,,11700,187,,2456.0,1134.0,2016-02-22 00:00:00
50,1725.0,1828.0,4200.0,3450,76,177,9745,160,,11700,189,,2596.0,1077.0,2016-02-29 00:00:00
51,1875.0,1828.0,4200.0,3450,79,189,9724,169,,12300,210,,2596.0,1077.0,2016-03-07 00:00:00
60,1875.0,1828.0,4200.0,3450,79,203,9729,186,,12300,210,,2596.0,1077.0,2016-03-14 00:00:00
55,1875.0,1828.0,4200.0,3450,80,214,10195,191,,12300,240,,2596.0,1077.0,2016-03-21 00:00:00
57,1875.0,2001.0,4200.0,3450,80,217,10444,200,,12300,250,,2818.0,1074.0,2016-03-28 00:00:00
54,1875.0,2001.0,4200.0,3450,82,225,10595,208,,12300,250,,2818.0,1074.0,2016-04-04 00:00:00
54,2275.0,2001.0,4400.0,3550,86,240,10673,223,,14200,260,,2818.0,1074.0,2016-04-11 00:00:00
59,2275.0,2001.0,4400.0,3550,90,257,10732,242,,14200,275,,2818.0,1074.0,2016-04-18 00:00:00
65,2275.0,2001.0,4400.0,3550,94,274,11019,255,,14200,295,,2818.0,1074.0,2016-04-25 00:00:00
64,2275.0,2304.0,4400.0,3550,97,289,11567,271,,14200,325,,3506.0,1119.0,2016-05-02 00:00:00
60,2250.0,2304.0,4400.0,3550,96,309,11860,288,,19500,325,,3506.0,1119.0,2016-05-09 00:00:00
55,2250.0,2304.0,4400.0,3550,94,299,12128,271,,19500,315,,3506.0,1119.0,2016-05-16 00:00:00
55,2250.0,2304.0,4400.0,3550,91,289,12196,254,,19500,285,,3506.0,1119.0,2016-05-23 00:00:00
51,2250.0,2284.0,4400.0,3550,86,274,12443,199,,19500,280,,3434.0,1149.0,2016-05-30 00:00:00
51,2375.0,2284.0,4400.0,3550,87,251,12890,195,,17750,265,,3434.0,1149.0,2016-06-06 00:00:00
52,2375.0,2284.0,4400.0,3550,90,216,12802,198,,17750,245,,3434.0,1149.0,2016-06-13 00:00:00
51,2375.0,2284.0,4400.0,3550,91,211,12540,193,,17750,250,,3434.0,1149.0,2016-06-20 00:00:00
51,2375.0,2373.0,4400.0,3550,91,211,12171,194,,17750,250,,3541.0,1157.0,2016-06-27 00:00:00
54,2375.0,2373.0,4400.0,3550,91,203,12045,193,,17750,240,,3541.0,1157.0,2016-07-04 00:00:00
56,2025.0,2373.0,4400.0,3550,92,202,11352,185,,15900,245,,3541.0,1157.0,2016-07-11 00:00:00
58,2025.0,2373.0,4400.0,3550,96,202,11350,187,,15900,245,,3541.0,1157.0,2016-07-18 00:00:00
56,2025.0,2373.0,4400.0,3550,97,210,11269,200,,15900,250,,3541.0,1157.0,2016-07-25 00:00:00
59,2025.0,1987.0,4400.0,3550,100,213,11248,201,,15900,250,,2930.0,1146.0,2016-08-01 00:00:00
60,2050.0,1987.0,4400.0,3550,103,212,11230,201,,14750,245,,2930.0,1146.0,2016-08-08 00:00:00
61,2050.0,1987.0,4400.0,3550,106,213,11421,197,,14750,250,,2930.0,1146.0,2016-08-15 00:00:00
61,2050.0,1987.0,4400.0,3550,114,208,11509,200,,14750,255,,2930.0,1146.0,2016-08-22 00:00:00
61,2050.0,2123.0,4400.0,3550,124,216,11664,195,,14750,255,,3232.0,1198.0,2016-08-29 00:00:00
59,2350.0,2123.0,4400.0,3550,139,210,11876,196,,14750,255,,3232.0,1198.0,2016-09-05 00:00:00
59,2350.0,2123.0,4400.0,3550,166,209,12191,191,,14750,255,,3232.0,1198.0,2016-09-12 00:00:00
56,2350.0,2123.0,4400.0,3550,199,208,12420,188,,14750,245,,3232.0,1198.0,2016-09-19 00:00:00
56,2350.0,2298.0,4400.0,3550,206,204,12568,188,,14750,250,,3567.0,1097.0,2016-09-26 00:00:00
56,2350.0,2298.0,4400.0,3550,209,196,12591,181,,14750,243,,3567.0,1097.0,2016-10-03 00:00:00
55,2375.0,2298.0,6450.0,5850,211,201,13005,186,,13400,235,,3567.0,1097.0,2016-10-10 00:00:00
57,2375.0,2298.0,6450.0,5850,222,206,13017,194,,13400,240,,3567.0,1097.0,2016-10-17 00:00:00
59,2375.0,2298.0,6450.0,5850,239,213,12976,208,,13400,250,,3567.0,1097.0,2016-10-24 00:00:00
62,2375.0,2330.0,6450.0,5850,250,221,12682,206,,13400,270,,3509.0,1049.0,2016-10-31 00:00:00
65,2425.0,2330.0,6450.0,5850,265,237,12548,213,,13900,290,,3509.0,1049.0,2016-11-07 00:00:00
72,2425.0,2330.0,6450.0,5850,302,252,12483,236,,13900,315,,3509.0,1049.0,2016-11-14 00:00:00
74,2425.0,2330.0,6450.0,5850,306,255,12729,240,,13900,325,,3509.0,1049.0,2016-11-21 00:00:00
76,2425.0,2129.0,6450.0,5850,304,250,13377,236,,13900,320,,3303.0,1079.0,2016-11-28 00:00:00
77,3175.0,2129.0,6450.0,5850,301,248,13950,233,,16800,315,,3303.0,1079.0,2016-12-05 00:00:00
81,3175.0,2129.0,6450.0,5850,289,245,14492,230,,16800,310,,3303.0,1079.0,2016-12-12 00:00:00
82,3175.0,2129.0,6450.0,5850,254,251,15385,255,,16800,315,,3303.0,1079.0,2016-12-19 00:00:00
80,3175.0,2696.0,6450.0,5850,245,259,15869,263,,16800,310,,3848.0,1107.0,2016-12-26 00:00:00
80,3175.0,2696.0,6450.0,5850,228,259,15878,263,,16800,310,,3848.0,1107.0,2017-01-02 00:00:00
78,3975.0,2696.0,6450.0,6300,210,259,15705,263,,20850,310,,3848.0,1107.0,2017-01-09 00:00:00
80,3975.0,2696.0,6450.0,6300,188,256,15861,260,,20850,310,,3848.0,1107.0,2017-01-16 00:00:00
82,3975.0,2696.0,6450.0,6300,176,249,15838,253,,20850,315,,3848.0,1107.0,2017-01-23 00:00:00
82,3975.0,3813.0,6450.0,6300,173,219,15868,223,,20850,300,,4886.0,1554.0,2017-01-30 00:00:00
83,3775.0,3813.0,9250.0,8250,171,206,15642,209,,20850,290,,4886.0,1554.0,2017-02-06 00:00:00
83,3775.0,3813.0,9250.0,8250,168,222,15229,222,285.5,20850,310,,4886.0,1554.0,2017-02-13 00:00:00
91,3775.0,3813.0,9250.0,8250,155,246,14854,245,312.5,20850,328,,4886.0,1554.0,2017-02-20 00:00:00
93,3775.0,3794.0,9250.0,8250,159,254,14506,252,322.5,20850,340,,4827.0,1884.0,2017-02-27 00:00:00
92,3925.0,3794.0,9150.0,8250,162,259,14184,255,352.5,20850,360,,4827.0,1884.0,2017-03-06 00:00:00
87,3925.0,3794.0,9150.0,8250,161,269,13438,271,372.5,20850,365,,4827.0,1884.0,2017-03-13 00:00:00
91,3925.0,3794.0,9150.0,8250,160,268,13515,270,387.5,20850,385,,4827.0,1884.0,2017-03-20 00:00:00
86,3925.0,3889.0,9150.0,8250,155,250,13479,257,387.5,20850,395,,5189.0,2176.0,2017-03-27 00:00:00
81,3925.0,3889.0,9150.0,8250,155,241,13477,249,377.5,20850,390,,5189.0,2176.0,2017-04-03 00:00:00
79,4175.0,3889.0,5650.0,5550,214,247,13400,255,372.5,21250,390,,5189.0,2176.0,2017-04-10 00:00:00
71,4175.0,3889.0,5650.0,5550,285,246,13392,254,372.5,21250,387,,5189.0,2176.0,2017-04-17 00:00:00
65,4175.0,3889.0,5650.0,5550,268,238,13268,243,372.5,21250,385,,5189.0,2176.0,2017-04-24 00:00:00
68,4175.0,4304.0,5650.0,5550,231,238,13298,239,367.5,21250,375,,5528.0,2293.0,2017-05-01 00:00:00
66,3525.0,4304.0,5650.0,5550,201,252,13275,250,368.5,18500,370,,5528.0,2293.0,2017-05-08 00:00:00
60,3525.0,4304.0,5650.0,5550,174,251,13168,249,365.0,18500,370,,5528.0,2293.0,2017-05-15 00:00:00
62,3525.0,4304.0,5650.0,5550,159,250,13095,248,360.0,18500,365,,5528.0,2293.0,2017-05-22 00:00:00
60,3525.0,3753.0,5650.0,5550,154,246,13080,247,352.5,18500,360,,4702.0,2440.0,2017-05-29 00:00:00
57,2797.5,3753.0,5650.0,5550,152,246,12995,247,355.0,18250,360,249.5,4702.0,2440.0,2017-06-05 00:00:00
56,2797.5,3753.0,5650.0,5550,149,247,12815,248,345.0,18250,355,248.5,4702.0,2440.0,2017-06-12 00:00:00
54,2797.5,3753.0,5650.0,5550,142,249,12826,250,345.0,18250,350,250.0,4702.0,2440.0,2017-06-19 00:00:00
56,2797.5,3014.0,5650.0,5550,143,253,12821,254,344.5,18250,345,252.5,3881.0,2415.0,2017-06-26 00:00:00
61,2797.5,3014.0,5650.0,5550,148,262,12814,263,345.5,18250,340,252.5,3881.0,2415.0,2017-07-03 00:00:00
63,2440.0,3014.0,5600.0,5200,152,270,12808,270,355.5,18250,350,269.0,3881.0,2415.0,2017-07-10 00:00:00
65,2440.0,3014.0,5600.0,5200,160,271,12803,273,357.5,18250,350,269.0,3881.0,2415.0,2017-07-17 00:00:00
68,2440.0,3014.0,5600.0,5200,169,273,12766,278,362.5,18250,350,275.0,3881.0,2415.0,2017-07-24 00:00:00
69,2440.0,2577.0,5600.0,5200,176,292,13137,290,367.5,18250,360,287.5,3336.0,1970.0,2017-07-31 00:00:00
73,2860.0,2577.0,5600.0,5200,181,305,13841,303,366.0,18850,355,297.5,3336.0,1970.0,2017-08-07 00:00:00
76,2860.0,2577.0,5600.0,5200,191,325,14104,320,375.0,18850,360,302.5,3336.0,1970.0,2017-08-14 00:00:00
74,2860.0,2577.0,5600.0,5200,193,330,14648,329,375.0,18850,365,317.5,3336.0,1970.0,2017-08-21 00:00:00
78,2860.0,2771.0,5600.0,5200,201,333,15876,332,385.0,18850,375,342.5,3775.0,1964.0,2017-08-28 00:00:00
77,2860.0,2771.0,5600.0,5200,208,330,16179,330,390.0,18850,380,342.5,3775.0,1964.0,2017-09-04 00:00:00
77,3305.0,2771.0,5600.0,5200,210,331,16271,327,390.0,19350,380,342.5,3775.0,1964.0,2017-09-11 00:00:00
74,3305.0,2771.0,5600.0,5200,207,326,16676,315,386.5,19350,380,337.5,3775.0,1964.0,2017-09-18 00:00:00
67,3305.0,2771.0,5600.0,5200,198,305,17238,305,375.0,19350,375,327.5,3775.0,1964.0,2017-09-25 00:00:00
63,3305.0,3291.0,5600.0,5200,190,280,17228,265,357.5,19350,345,295.0,4367.0,1986.0,2017-10-02 00:00:00
62,3370.0,3291.0,7600.0,6125,186,275,17167,260,350.0,20650,345,292.5,4367.0,1986.0,2017-10-09 00:00:00
60,3370.0,3291.0,7600.0,6125,182,280,16933,265,351.5,20650,340,277.5,4367.0,1986.0,2017-10-16 00:00:00
61,3370.0,3291.0,7600.0,6125,180,285,16898,261,352.5,20650,340,277.5,4367.0,1986.0,2017-10-23 00:00:00
61,3370.0,3374.0,7600.0,6125,181,273,16484,261,355.0,20650,340,277.5,4532.0,2074.0,2017-10-30 00:00:00
60,2750.0,3374.0,7600.0,5900,177,279,16141,265,355.0,20000,340,277.5,4532.0,2074.0,2017-11-06 00:00:00
63,2750.0,3374.0,7600.0,5900,181,275,15769,260,352.5,20000,337,282.5,4532.0,2074.0,2017-11-13 00:00:00
62,2750.0,3374.0,7600.0,5900,188,277,15327,266,352.5,20000,340,282.5,4532.0,2074.0,2017-11-20 00:00:00
65,2750.0,2749.0,7600.0,5900,198,285,14970,272,352.5,20000,335,295.0,3741.0,2104.0,2017-11-27 00:00:00
68,2750.0,2749.0,7600.0,5900,205,301,14882,270,355.5,20000,335,302.5,3741.0,2104.0,2017-12-04 00:00:00
70,2740.0,2749.0,7600.0,6400,220,320,14759,285,366.0,20000,355,305.0,3741.0,2104.0,2017-12-11 00:00:00
70,2740.0,2749.0,7600.0,6400,226,320,14768,295,363.5,20000,355,305.0,3741.0,2104.0,2017-12-18 00:00:00
74,2740.0,2749.0,7600.0,6400,240,333,14722,315,375.0,20000,360,337.5,3741.0,2104.0,2017-12-25 00:00:00
73,2740.0,2740.0,7600.0,6400,250,335,14666,320,380.0,20000,365,337.5,3742.0,2206.0,2018-01-01 00:00:00
76,3350.0,2740.0,8000.0,7225,249,340,14478,320,382.5,20300,365,337.5,3742.0,2206.0,2018-01-08 00:00:00
79,3350.0,2740.0,8000.0,7225,247,340,14604,325,387.5,20300,380,340.0,3742.0,2206.0,2018-01-15 00:00:00
76,3350.0,2740.0,8000.0,7225,228,330,14700,317,382.5,20300,380,325.0,3742.0,2206.0,2018-01-22 00:00:00
75,3350.0,3100.0,8000.0,7225,212,325,14810,312,376.0,20300,365,315.0,4239.0,1863.0,2018-01-29 00:00:00
72,3575.0,3100.0,8237.5,8075,213,317,15065,300,372.5,20550,370,315.0,4239.0,1863.0,2018-02-05 00:00:00
76,3575.0,3100.0,8237.5,8075,223,317,15431,300,367.5,20550,365,315.0,4239.0,1863.0,2018-02-12 00:00:00
78,3575.0,3100.0,8237.5,8075,228,322,15618,303,363.5,20550,360,312.5,4239.0,1863.0,2018-02-19 00:00:00
78,3575.0,3414.0,8237.5,8075,229,320,15976,305,369.0,20550,365,322.5,4666.0,2367.0,2018-02-26 00:00:00
79,3675.0,3414.0,8237.5,7375,230,326,16356,315,382.5,20550,370,327.5,4666.0,2367.0,2018-03-05 00:00:00
73,3675.0,3414.0,8237.5,7375,230,335,16731,325,387.5,20550,380,327.5,4666.0,2367.0,2018-03-12 00:00:00
70,3675.0,3414.0,8237.5,7375,214,335,17007,325,407.5,20550,395,335.0,4666.0,2367.0,2018-03-19 00:00:00
67,3675.0,3464.0,8237.5,7375,208,333,17211,323,407.5,20550,395,340.0,4566.0,2492.0,2018-03-26 00:00:00
64,3675.0,3464.0,8237.5,7375,196,333,17710,322,400.0,20550,397,337.5,4566.0,2492.0,2018-04-02 00:00:00
64,3685.0,3464.0,8087.5,7425,195,330,17974,317,400.0,20750,397,337.5,4566.0,2492.0,2018-04-09 00:00:00
65,3685.0,3464.0,8087.5,7425,191,329,17992,314,394.0,20750,397,337.5,4566.0,2492.0,2018-04-16 00:00:00
66,3685.0,3464.0,8087.5,7425,184,320,17939,303,389.0,20750,395,332.5,4566.0,2492.0,2018-04-23 00:00:00
67,3685.0,3511.0,8087.5,7425,177,325,17862,308,386.0,20750,390,332.5,4830.0,2680.0,2018-04-30 00:00:00
66,3350.0,3511.0,8087.5,6875,179,325,17790,314,385.0,21250,385,340.0,4830.0,2680.0,2018-05-07 00:00:00
67,3350.0,3511.0,8087.5,6875,185,325,17681,314,387.5,21250,385,340.0,4830.0,2680.0,2018-05-14 00:00:00
67,3350.0,3511.0,8087.5,6875,185,318,17703,310,390.0,21250,390,342.5,4830.0,2680.0,2018-05-21 00:00:00
64,3350.0,3241.0,8087.5,6875,184,312,17678,303,397.5,21250,390,342.5,4238.0,2021.0,2018-05-28 00:00:00
64,3350.0,3241.0,8087.5,6875,190,305,17702,295,382.5,21250,390,340.0,4238.0,2021.0,2018-06-04 00:00:00
65,3525.0,3241.0,8087.5,6675,195,312,17499,308,387.5,21250,390,342.5,4238.0,2021.0,2018-06-11 00:00:00
66,3525.0,3241.0,8087.5,6675,198,320,17479,320,397.5,21250,390,342.5,4238.0,2021.0,2018-06-18 00:00:00
64,3525.0,3241.0,8087.5,6675,198,326,17279,325,400.0,21250,393,342.5,4238.0,2021.0,2018-06-25 00:00:00
64,3525.0,3463.0,8087.5,6675,197,326,17161,324,400.0,21250,393,342.5,4492.0,1950.0,2018-07-02 00:00:00
63,3275.0,3463.0,8000.0,6925,198,323,17153,321,407.5,23000,400,342.5,4492.0,1950.0,2018-07-09 00:00:00
63,3275.0,3463.0,8000.0,6925,180,314,17428,311,412.5,23000,400,330.0,4492.0,1950.0,2018-07-16 00:00:00
64,3275.0,3463.0,8000.0,6925,177,312,17657,305,412.5,23000,395,330.0,4492.0,1950.0,2018-07-23 00:00:00
67,3275.0,3588.0,8000.0,6925,173,309,17752,298,410.0,23000,395,330.0,4828.0,2353.0,2018-07-30 00:00:00
67,3585.0,3588.0,8000.0,6950,173,305,17956,303,407.5,23000,395,327.5,4828.0,2353.0,2018-08-06 00:00:00
69,3585.0,3588.0,8000.0,6950,180,299,18143,288,402.5,23000,390,322.5,4828.0,2353.0,2018-08-13 00:00:00
68,3585.0,3588.0,8000.0,6950,182,287,18228,263,395.0,23000,380,317.5,4828.0,2353.0,2018-08-20 00:00:00
67,3585.0,3667.0,8000.0,6950,182,274,18522,279,390.0,23000,377,317.5,5202.0,2683.0,2018-08-27 00:00:00
66,3585.0,3667.0,8000.0,6950,182,285,18821,284,390.0,23000,377,320.0,5202.0,2683.0,2018-09-03 00:00:00
67,3850.0,3667.0,7950.0,6700,187,295,19185,284,387.5,23000,375,320.0,5202.0,2683.0,2018-09-10 00:00:00
69,3850.0,3667.0,7950.0,6700,199,295,19615,292,386.5,23000,373,320.0,5202.0,2683.0,2018-09-17 00:00:00
69,3850.0,3667.0,7950.0,6700,204,300,19773,292,386.5,23000,373,322.5,5202.0,2683.0,2018-09-24 00:00:00
69,3850.0,3955.0,7950.0,6700,200,296,19870,292,382.5,23000,370,322.5,5866.0,2411.0,2018-10-01 00:00:00
70,4150.0,3955.0,7950.0,6850,210,300,19853,292,380.0,23750,366,322.5,5866.0,2411.0,2018-10-08 00:00:00
71,4150.0,3955.0,7950.0,6850,211,303,19794,293,381.0,23750,365,322.5,5866.0,2411.0,2018-10-15 00:00:00
73,4150.0,3955.0,7950.0,6850,214,301,19731,295,395.0,23750,365,327.5,5866.0,2411.0,2018-10-22 00:00:00
76,4150.0,4234.0,7950.0,6850,214,303,19677,297,391.5,23750,364,335.0,6284.0,2944.0,2018-10-29 00:00:00
75,4280.0,4234.0,7950.0,7050,215,306,19243,297,390.0,22750,364,339.0,6284.0,2944.0,2018-11-05 00:00:00
75,4280.0,4234.0,7950.0,7050,216,310,18834,305,390.0,22750,364,335.0,6284.0,2944.0,2018-11-12 00:00:00
75,4280.0,4234.0,7950.0,7050,219,308,18308,306,387.5,22750,364,335.0,6284.0,2944.0,2018-11-19 00:00:00
73,4280.0,4298.0,7950.0,7050,218,304,17830,292,386.5,22750,364,327.5,6279.0,3181.0,2018-11-26 00:00:00
65,4280.0,4298.0,7950.0,7050,216,295,17333,286,382.5,22750,364,322.5,6279.0,3181.0,2018-12-03 00:00:00
67,4550.0,4298.0,7950.0,7150,222,278,16881,276,379.0,22750,360,317.5,6279.0,3181.0,2018-12-10 00:00:00
68,4550.0,4298.0,7950.0,7150,219,278,16698,275,376.5,22750,355,302.5,6279.0,3181.0,2018-12-17 00:00:00
71,4550.0,4298.0,7950.0,7150,218,271,16810,255,367.5,22750,350,300.0,6279.0,3181.0,2018-12-24 00:00:00
72,4550.0,4621.0,7950.0,7150,211,265,16899,252,366.5,22750,345,292.5,6735.0,3340.0,2018-12-31 00:00:00
72,4135.0,4621.0,7950.0,7350,203,255,16848,245,362.5,22525,345,290.0,6735.0,3340.0,2019-01-07 00:00:00
75,4135.0,4621.0,7950.0,7350,197,255,16937,235,355.0,22525,337,287.5,6735.0,3340.0,2019-01-14 00:00:00
75,4135.0,4621.0,7950.0,7350,190,270,16858,246,342.5,22525,325,280.0,6735.0,3340.0,2019-01-21 00:00:00
75,4135.0,4191.0,7950.0,7350,194,270,16927,262,345.5,22525,325,282.5,6360.0,3052.0,2019-01-28 00:00:00
83,4135.0,4191.0,7950.0,7350,200,291,17458,283,345.5,22525,325,285.0,6360.0,3052.0,2019-02-04 00:00:00
91,4565.0,4191.0,7700.0,7150,199,305,17817,290,345.0,22525,330,285.0,6360.0,3052.0,2019-02-11 00:00:00
88,4565.0,4191.0,7700.0,7150,202,303,17948,293,345.0,22525,332,280.0,6360.0,3052.0,2019-02-18 00:00:00
88,4565.0,4191.0,7700.0,7150,206,295,18686,285,357.5,22525,343,282.5,6360.0,3052.0,2019-02-25 00:00:00
85,4565.0,4621.0,7700.0,7150,209,285,18848,275,355.0,22525,345,280.0,7120.0,3668.0,2019-03-04 00:00:00
87,5000.0,4621.0,7700.0,7100,211,293,19328,287,355.0,23025,345,280.0,7120.0,3668.0,2019-03-11 00:00:00
85,5000.0,4621.0,7700.0,7100,210,295,19902,287,357.5,23025,350,290.0,7120.0,3668.0,2019-03-18 00:00:00
86,5000.0,4621.0,7700.0,7100,209,295,19600,287,360.0,23025,345,310.0,7120.0,3668.0,2019-03-25 00:00:00
85,5000.0,5043.0,7700.0,7100,204,292,19208,287,360.0,23025,355,310.0,7718.0,3989.0,2019-04-01 00:00:00
91,5100.0,5043.0,7700.0,7350,198,287,18445,282,360.0,22200,350,307.5,7718.0,3989.0,2019-04-08 00:00:00
95,5100.0,5043.0,7700.0,7350,199,280,18201,275,360.0,22200,355,302.5,7718.0,3989.0,2019-04-15 00:00:00
93,5100.0,5043.0,7700.0,7350,202,287,16985,282,357.5,22200,350,300.0,7718.0,3989.0,2019-04-22 00:00:00
93,5100.0,5151.0,7700.0,7350,201,285,16652,280,355.0,22200,350,297.5,7727.0,3994.0,2019-04-29 00:00:00
94,4975.0,5151.0,7700.0,7175,203,275,16530,267,355.0,21950,337,292.5,7727.0,3994.0,2019-05-06 00:00:00
95,4975.0,5151.0,7700.0,7175,207,265,16116,260,356.0,21950,337,287.5,7727.0,3994.0,2019-05-13 00:00:00
96,4975.0,5151.0,7700.0,7175,208,269,16074,258,358.5,21950,335,290.0,7727.0,3994.0,2019-05-20 00:00:00
103,4975.0,5175.0,7700.0,7175,205,285,16044,275,359.5,21950,337,297.5,7829.0,3119.0,2019-05-27 00:00:00
103,4975.0,5175.0,7700.0,7175,202,280,15921,272,360.0,21950,335,292.5,7829.0,3119.0,2019-06-03 00:00:00
99,5225.0,5175.0,7700.0,7225,200,282,15636,273,355.0,21950,333,287.5,7829.0,3119.0,2019-06-10 00:00:00
107,5225.0,5175.0,7700.0,7225,197,270,15632,259,351.0,21950,327,277.5,7829.0,3119.0,2019-06-17 00:00:00
114,5225.0,5175.0,7700.0,7225,195,256,15636,250,347.5,21950,327,267.5,7829.0,3119.0,2019-06-24 00:00:00
116,5225.0,5345.0,7700.0,7225,193,260,16431,257,348.5,21950,332,270.0,7685.0,2874.0,2019-07-01 00:00:00
122,5275.0,5345.0,6200.0,6525,189,274,16626,268,353.5,21850,335,270.0,7685.0,2874.0,2019-07-08 00:00:00
120,5275.0,5345.0,6200.0,6525,185,270,17132,265,357.5,21850,345,265.0,7685.0,2874.0,2019-07-15 00:00:00
121,5275.0,5345.0,6200.0,6525,180,269,17509,265,359.0,21850,345,265.0,7685.0,2874.0,2019-07-22 00:00:00
117,5275.0,5432.0,6200.0,6525,174,269,17591,265,357.5,21850,345,265.0,7375.0,3009.0,2019-07-29 00:00:00
116,5675.0,5432.0,6200.0,6250,165,270,17521,265,359.0,21850,345,265.0,7375.0,3009.0,2019-08-05 00:00:00
96,5675.0,5432.0,6200.0,6250,159,268,17370,265,357.5,21850,342,265.0,7375.0,3009.0,2019-08-12 00:00:00
89,5675.0,5432.0,6200.0,6250,156,260,17177,260,357.5,21850,342,265.0,7375.0,3009.0,2019-08-19 00:00:00
87,5675.0,5957.0,6200.0,6250,153,250,16854,255,357.5,21850,340,262.5,8067.0,3427.0,2019-08-26 00:00:00
84,5675.0,5957.0,6200.0,6250,154,242,16883,245,355.0,21850,335,260.0,8067.0,3427.0,2019-09-02 00:00:00
90,5300.0,5957.0,6200.0,5825,154,225,16311,226,332.5,21850,325,247.5,8067.0,3427.0,2019-09-09 00:00:00
95,5300.0,5957.0,6200.0,5825,150,213,15958,212,332.5,21850,320,242.5,8067.0,3427.0,2019-09-16 00:00:00
95,5300.0,5957.0,6200.0,5825,143,205,15813,200,324.0,21850,315,240.0,8067.0,3427.0,2019-09-23 00:00:00
91,5300.0,5274.0,6200.0,5825,138,199,15198,192,312.5,21850,300,232.5,7063.0,3549.0,2019-09-30 00:00:00
94,4125.0,5274.0,5125.0,5300,146,199,14905,194,302.5,20750,300,232.5,7063.0,3549.0,2019-10-07 00:00:00
93,4125.0,5274.0,5125.0,5300,148,207,14432,204,300.0,20750,280,232.5,7063.0,3549.0,2019-10-14 00:00:00
88,4125.0,5274.0,5125.0,5300,152,216,14326,210,302.5,20750,280,242.5,7063.0,3549.0,2019-10-21 00:00:00
87,4125.0,4040.0,5125.0,5300,150,225,14252,220,306.0,20750,285,252.5,5173.0,2716.0,2019-10-28 00:00:00
85,4125.0,4040.0,5125.0,5300,144,230,14110,225,309.5,20750,290,255.0,5173.0,2716.0,2019-11-04 00:00:00
82,3925.0,4040.0,5125.0,5275,134,238,13839,231,316.5,20750,298,260.0,5173.0,2716.0,2019-11-11 00:00:00
82,3925.0,4040.0,5125.0,5275,135,240,13893,233,315.0,20750,302,260.0,5173.0,2716.0,2019-11-18 00:00:00
86,3925.0,4040.0,5125.0,5275,133,239,14167,235,322.5,20750,305,265.0,5173.0,2716.0,2019-11-25 00:00:00
88,3925.0,3998.0,5125.0,5275,135,245,14373,239,327.5,20750,306,270.0,5075.0,2561.0,2019-12-02 00:00:00
89,3600.0,3998.0,5125.0,5275,138,260,14614,255,335.0,20750,308,280.0,5075.0,2561.0,2019-12-09 00:00:00
94,3600.0,3998.0,5125.0,5275,136,272,15274,268,339.5,20750,315,285.0,5075.0,2561.0,2019-12-16 00:00:00
93,3600.0,3998.0,5125.0,5275,136,275,15385,271,342.5,20750,320,285.0,5075.0,2561.0,2019-12-23 00:00:00
91,3600.0,3477.0,5125.0,5275,136,277,15907,272,342.5,20750,320,285.0,4642.0,2462.0,2019-12-30 00:00:00
92,3950.0,3477.0,5125.0,5275,140,276,16047,272,342.5,19050,320,285.0,4642.0,2462.0,2020-01-06 00:00:00
94,3950.0,3477.0,4400.0,4875,147,275,16626,270,338.0,19050,320,282.5,4642.0,2462.0,2020-01-13 00:00:00
95,3950.0,3477.0,4400.0,4875,152,270,16876,265,338.0,19050,328,287.5,4642.0,2462.0,2020-01-20 00:00:00
94,3950.0,3766.0,4400.0,4875,152,257,16845,250,337.5,19050,322,282.5,4875.0,2584.0,2020-01-27 00:00:00
84,3950.0,3766.0,4400.0,4875,152,248,16833,240,322.5,19050,322,270.0,4875.0,2584.0,2020-02-03 00:00:00
82,3900.0,3766.0,4300.0,4550,150,240,16684,228,320.0,19050,310,258.0,4875.0,2584.0,2020-02-10 00:00:00
86,3900.0,3766.0,4300.0,4550,154,251,16908,240,320.0,19050,310,260.0,4875.0,2584.0,2020-02-17 00:00:00
90,3900.0,3766.0,4300.0,4550,158,258,15983,247,337.5,19050,330,265.0,4875.0,2584.0,2020-02-24 00:00:00
88,3900.0,3796.0,4300.0,4550,161,255,15608,245,341.0,19050,330,265.0,5022.0,2741.0,2020-03-02 00:00:00
90,3700.0,3796.0,4700.0,4300,162,249,14832,243,340.0,19300,341,265.0,5022.0,2741.0,2020-03-09 00:00:00
90,3700.0,3796.0,4700.0,4300,160,245,15153,240,338.5,19300,335,260.0,5022.0,2741.0,2020-03-16 00:00:00
90,3700.0,3796.0,4700.0,4300,163,222,15266,215,327.5,19300,305,237.5,5022.0,2741.0,2020-03-23 00:00:00
85,3700.0,3562.0,4700.0,4300,156,199,15124,188,307.5,19300,297,212.5,4779.0,2470.0,2020-03-30 00:00:00
83,4050.0,3562.0,4700.0,4300,144,190,14716,190,292.5,20100,280,212.5,4779.0,2470.0,2020-04-06 00:00:00
83,4050.0,3562.0,4700.0,4300,135,230,14683,225,292.5,20100,285,232.5,4779.0,2470.0,2020-04-13 00:00:00
85,4050.0,3562.0,4700.0,4300,135,242,14833,232,297.5,20100,290,235.0,4779.0,2470.0,2020-04-20 00:00:00
84,4050.0,4072.0,4700.0,4300,126,241,15546,232,302.5,20100,283,235.0,5281.0,2210.0,2020-04-27 00:00:00
83,4050.0,4072.0,4700.0,4300,114,230,15853,220,305.0,20100,286,237.5,5281.0,2210.0,2020-05-04 00:00:00
85,4075.0,4072.0,4500.0,4150,110,230,15923,220,301.0,20100,288,247.5,5281.0,2210.0,2020-05-11 00:00:00
91,4075.0,4072.0,4500.0,4150,116,235,15705,225,301.0,20100,290,251.5,5281.0,2210.0,2020-05-18 00:00:00
97,4075.0,4072.0,4500.0,4150,118,235,14946,220,307.5,20100,295,256.5,5281.0,2210.0,2020-05-25 00:00:00
97,4075.0,4206.0,4500.0,4150,111,238,14631,225,306.0,20100,296,262.5,5645.0,2399.0,2020-06-01 00:00:00
101,4025.0,4206.0,4500.0,4150,108,243,14467,230,305.0,20100,307,267.5,5645.0,2399.0,2020-06-08 00:00:00
105,4025.0,4206.0,4500.0,4150,109,250,14523,236,312.0,20100,305,267.5,5645.0,2399.0,2020-06-15 00:00:00
104,4025.0,4206.0,4500.0,4150,111,245,14771,235,312.5,20100,318,262.5,5645.0,2399.0,2020-06-22 00:00:00
104,4025.0,4012.0,4500.0,4150,115,237,15210,230,312.5,20100,315,260.0,5566.0,2304.0,2020-06-29 00:00:00
101,4580.0,4012.0,4000.0,3225,116,235,15502,230,319.0,20250,310,260.0,5566.0,2304.0,2020-07-06 00:00:00
105,4580.0,4012.0,4000.0,3225,116,233,15694,230,322.5,20250,317,262.5,5566.0,2304.0,2020-07-13 00:00:00
112,4580.0,4012.0,4000.0,3225,110,236,15809,235,325.0,20250,323,267.5,5566.0,2304.0,2020-07-20 00:00:00
110,4580.0,4645.0,4000.0,3225,111,245,16100,245,327.5,20250,323,272.5,6256.0,2577.0,2020-07-27 00:00:00
110,4580.0,4645.0,4000.0,3225,111,255,16548,252,332.5,20250,325,275.0,6256.0,2577.0,2020-08-03 00:00:00
119,4825.0,4645.0,4000.0,3225,107,264,16807,257,345.5,20250,335,285.0,6256.0,2577.0,2020-08-10 00:00:00
122,4825.0,4645.0,4000.0,3225,106,266,17205,259,347.5,20250,342,287.5,6256.0,2577.0,2020-08-17 00:00:00
127,4825.0,4645.0,4000.0,3225,106,261,17550,253,347.5,20250,342,285.0,6256.0,2577.0,2020-08-24 00:00:00
123,4825.0,4936.0,4000.0,3225,107,265,17534,260,347.5,20250,345,285.0,6418.0,2651.0,2020-08-31 00:00:00
127,6050.0,4936.0,4000.0,3225,108,275,17520,270,361.0,20550,354,292.5,6418.0,2651.0,2020-09-07 00:00:00
128,6950.0,4936.0,4000.0,3225,113,280,17869,276,367.5,20550,360,297.5,6418.0,2651.0,2020-09-14 00:00:00
126,5625.0,4936.0,4000.0,3225,125,273,18270,273,375.0,20550,369,295.0,6418.0,2651.0,2020-09-21 00:00:00
117,5625.0,6257.0,4000.0,3225,135,272,18706,273,371.0,20550,363,295.0,7441.0,2888.0,2020-09-28 00:00:00
121,6150.0,6257.0,4000.0,3225,138,265,18923,266,372.0,22350,348,287.5,7441.0,2888.0,2020-10-05 00:00:00
124,6150.0,6257.0,4000.0,3225,135,260,19099,260,372.0,22350,355,282.5,7441.0,2888.0,2020-10-12 00:00:00
121,6150.0,6257.0,4000.0,3225,123,260,19062,260,370.0,22350,355,272.5,7441.0,2888.0,2020-10-19 00:00:00
119,6150.0,6210.0,4000.0,3225,112,264,18857,262,370.0,22350,359,277.5,8225.0,3330.0,2020-10-26 00:00:00
116,6150.0,6210.0,4000.0,3225,111,265,18906,264,370.0,22350,359,277.5,8225.0,3330.0,2020-11-02 00:00:00
118,6650.0,6210.0,4050.0,3225,115,269,19351,266,372.5,23100,370,280.0,8225.0,3330.0,2020-11-09 00:00:00
123,6650.0,6210.0,4050.0,3225,116,281,19672,280,385.0,23100,379,282.5,8225.0,3330.0,2020-11-16 00:00:00
127,6650.0,6210.0,4050.0,3225,114,303,20073,300,408.5,23100,405,292.5,8225.0,3330.0,2020-11-23 00:00:00
129,6650.0,6382.0,4050.0,3225,118,322,20698,315,430.0,23100,435,312.5,8184.0,3442.0,2020-11-30 00:00:00
137,6635.0,6382.0,4050.0,3225,121,330,21376,320,474.0,24600,470,327.5,8184.0,3442.0,2020-12-07 00:00:00
153,6635.0,6382.0,4050.0,3225,122,372,22459,365,490.0,24600,490,357.5,8184.0,3442.0,2020-12-14 00:00:00
158,6635.0,6382.0,4050.0,3225,123,415,23828,405,500.0,24600,515,387.5,8184.0,3442.0,2020-12-21 00:00:00
168,6635.0,6236.0,4050.0,3225,126,442,26123,433,510.0,24600,540,407.5,8216.0,3432.0,2020-12-28 00:00:00
161,6635.0,6236.0,4050.0,3225,129,450,27402,440,522.5,24600,540,412.5,8216.0,3432.0,2021-01-04 00:00:00
168,8100.0,6236.0,4350.0,3425,131,455,28007,443,545.0,32375,555,412.5,8216.0,3432.0,2021-01-11 00:00:00
171,8100.0,6236.0,4350.0,3425,138,440,28134,428,545.0,32375,555,402.5,8216.0,3432.0,2021-01-18 00:00:00
170,8100.0,6236.0,4350.0,3425,151,410,28415,403,535.0,32375,525,382.5,8216.0,3432.0,2021-01-25 00:00:00
163,8100.0,7682.0,4350.0,3425,171,380,28503,380,520.0,32375,505,367.5,9443.0,4008.0,2021-02-01 00:00:00
154,9585.0,7682.0,5950.0,5150,172,366,28002,363,510.0,29875,495,367.5,9443.0,4008.0,2021-02-08 00:00:00
164,9585.0,7682.0,5950.0,5150,165,375,26993,370,522.5,29875,500,382.5,9443.0,4008.0,2021-02-15 00:00:00
170,9585.0,7682.0,5950.0,5150,159,387,25779,380,530.0,29875,520,397.5,9443.0,4008.0,2021-02-22 00:00:00
174,9585.0,9905.0,5950.0,5150,154,415,25524,410,544.0,29875,525,422.5,11218.0,6679.0,2021-03-01 00:00:00
176,9425.0,9905.0,6600.0,5700,148,425,26096,422,570.0,30875,546,437.5,11218.0,6679.0,2021-03-08 00:00:00
168,9425.0,9905.0,6600.0,5700,142,405,26877,407,557.5,30875,546,432.5,11218.0,6679.0,2021-03-15 00:00:00
164,9425.0,9905.0,6600.0,5700,138,390,27680,390,559.0,30875,545,427.5,11218.0,6679.0,2021-03-22 00:00:00
160,9425.0,9677.0,6600.0,5700,136,382,28656,380,555.0,30875,545,425.0,11388.0,4524.0,2021-03-29 00:00:00
167,10375.0,9677.0,7150.0,6250,138,393,28998,390,556.0,37600,545,425.0,11388.0,4524.0,2021-04-05 00:00:00
171,10375.0,9677.0,7150.0,6250,138,398,28730,392,558.5,37600,550,427.5,11388.0,4524.0,2021-04-12 00:00:00
175,10375.0,9677.0,7150.0,6250,138,395,28318,388,570.0,37600,550,427.5,11388.0,4524.0,2021-04-19 00:00:00
185,10375.0,10537.0,7150.0,6250,138,395,27879,388,574.0,37600,565,431.5,12736.0,4439.0,2021-04-26 00:00:00
191,10375.0,10537.0,7150.0,6250,138,405,27484,400,581.0,37600,580,440.0,12736.0,4439.0,2021-05-03 00:00:00
197,10050.0,10537.0,7150.0,6250,140,437,27155,432,607.5,37600,600,462.5,12736.0,4439.0,2021-05-10 00:00:00
225,10050.0,10537.0,7150.0,6250,149,471,27257,467,672.5,37600,660,497.5,12736.0,4439.0,2021-05-17 00:00:00
213,10050.0,10537.0,7150.0,6250,165,473,27865,470,675.0,37600,640,500.0,12736.0,4439.0,2021-05-24 00:00:00
189,10050.0,10279.0,7150.0,6250,180,475,28807,475,672.5,37600,640,506.0,13956.0,4420.0,2021-05-31 00:00:00
207,12000.0,10279.0,7150.0,6250,190,468,29278,468,662.5,38350,635,501.5,13956.0,4420.0,2021-06-07 00:00:00
213,12000.0,10279.0,7150.0,6250,196,469,29330,469,656.0,38350,635,520.0,13956.0,4420.0,2021-06-14 00:00:00
219,12000.0,10279.0,7150.0,6250,201,463,29190,465,661.5,38350,640,520.0,13956.0,4420.0,2021-06-21 00:00:00
214,12000.0,12288.0,7150.0,6250,211,457,28969,462,655.0,38350,605,517.5,16293.0,5231.0,2021-06-28 00:00:00
218,12090.0,12288.0,10500.0,9500,220,456,27889,460,660.0,42500,600,517.5,16293.0,5231.0,2021-07-05 00:00:00
220,12090.0,12288.0,10500.0,9500,227,453,27063,458,662.5,42500,585,512.5,16293.0,5231.0,2021-07-12 00:00:00
220,12090.0,12288.0,10500.0,9500,233,441,25804,448,658.5,42500,605,495.0,16293.0,5231.0,2021-07-19 00:00:00
209,12090.0,12403.0,10500.0,9500,236,437,26161,440,655.0,42500,608,487.5,16162.0,5313.0,2021-07-26 00:00:00
196,12090.0,12403.0,10500.0,9500,240,430,26351,427,647.5,42500,590,482.5,16162.0,5313.0,2021-08-02 00:00:00
178,12715.0,12403.0,10500.0,9500,245,424,26706,417,605.0,42500,565,472.5,16162.0,5313.0,2021-08-09 00:00:00
163,12715.0,12403.0,10500.0,9500,252,415,27356,410,577.5,42500,540,462.5,16162.0,5313.0,2021-08-16 00:00:00
149,12715.0,12403.0,10500.0,9500,261,410,27394,400,567.5,42500,500,452.5,16162.0,5313.0,2021-08-23 00:00:00
149,12715.0,12649.0,10500.0,9500,280,406,27420,396,552.5,42500,500,447.5,17343.0,5581.0,2021-08-30 00:00:00
148,10365.0,12649.0,10500.0,9500,306,405,27418,394,498.5,40000,505,445.5,17343.0,5581.0,2021-09-06 00:00:00
132,10365.0,12649.0,10500.0,9500,349,401,27219,390,500.0,40000,470,442.5,17343.0,5581.0,2021-09-13 00:00:00
113,10365.0,12649.0,10500.0,9500,407,392,26724,386,501.5,40000,475,441.0,17343.0,5581.0,2021-09-20 00:00:00
103,10365.0,10349.0,10500.0,9500,447,388,26251,386,497.5,40000,498,441.0,15503.0,4482.0,2021-09-27 00:00:00
116,10365.0,10349.0,10500.0,9500,448,385,25750,386,550.0,40000,478,437.5,15503.0,4482.0,2021-10-04 00:00:00
119,7650.0,10349.0,19000.0,16350,449,397,25604,402,557.5,38500,500,452.5,15503.0,4482.0,2021-10-11 00:00:00
128,7650.0,10349.0,19000.0,16350,455,427,25157,432,562.5,38500,515,473.5,15503.0,4482.0,2021-10-18 00:00:00
122,7650.0,10349.0,19000.0,16350,455,448,25936,451,577.5,38500,540,493.5,15503.0,4482.0,2021-10-25 00:00:00
116,7650.0,7857.0,19000.0,16350,456,446,27341,450,577.5,38500,545,493.5,12987.0,3460.0,2021-11-01 00:00:00
98,6125.0,7857.0,19000.0,16350,459,441,28389,446,580.0,39250,530,492.5,12987.0,3460.0,2021-11-08 00:00:00
92,6125.0,7857.0,19000.0,16350,438,445,28841,446,580.0,39250,545,497.5,12987.0,3460.0,2021-11-15 00:00:00
90,6125.0,7857.0,19000.0,16350,392,443,29662,444,579.0,39250,540,497.5,12987.0,3460.0,2021-11-22 00:00:00
99,6125.0,6282.0,19000.0,16350,346,438,30376,438,572.5,39250,520,492.5,10753.0,3088.0,2021-11-29 00:00:00
100,5525.0,6282.0,17000.0,15500,326,430,30713,428,572.5,39250,525,482.5,10753.0,3088.0,2021-12-06 00:00:00
105,5525.0,6282.0,17000.0,15500,337,417,30050,415,557.5,39250,515,467.5,10753.0,3088.0,2021-12-13 00:00:00
112,5525.0,6282.0,17000.0,15500,338,414,29447,410,552.5,39250,510,467.5,10753.0,3088.0,2021-12-20 00:00:00
124,5525.0,5901.0,17000.0,15500,341,416,28941,413,547.5,39250,510,462.5,9244.0,2687.0,2021-12-27 00:00:00
118,5525.0,5901.0,17000.0,15500,346,418,28566,415,547.5,39250,510,462.5,9244.0,2687.0,2022-01-03 00:00:00
125,6575.0,5901.0,17000.0,15500,353,419,28615,416,540.0,39000,500,462.5,9244.0,2687.0,2022-01-10 00:00:00
128,6575.0,5901.0,17000.0,15500,388,430,28751,425,547.5,39000,515,467.5,9244.0,2687.0,2022-01-17 00:00:00
131,6575.0,5901.0,17000.0,15500,415,430,28321,425,547.5,39000,520,467.5,9244.0,2687.0,2022-01-24 00:00:00
139,6575.0,6527.0,17000.0,15500,428,429,28816,425,547.5,39000,530,470.0,9728.0,2852.0,2022-01-31 00:00:00
145,8135.0,6527.0,18750.0,16750,428,450,30282,445,580.0,40500,555,492.5,9728.0,2852.0,2022-02-07 00:00:00
150,8135.0,6527.0,18750.0,16750,422,464,31346,458,592.5,40500,570,502.5,9728.0,2852.0,2022-02-14 00:00:00
138,8135.0,6527.0,18750.0,16750,418,466,32085,460,620.0,40500,585,507.5,9728.0,2852.0,2022-02-21 00:00:00
137,8135.0,7823.0,18750.0,16750,427,469,33041,460,625.0,40500,585,512.5,11355.0,3405.0,2022-02-28 00:00:00
147,9660.0,7823.0,18750.0,16750,456,524,34263,497,707.5,39500,680,590.0,11355.0,3405.0,2022-03-07 00:00:00
159,9660.0,7823.0,18750.0,16750,577,604,32912,578,790.0,39500,761,646.5,11355.0,3405.0,2022-03-14 00:00:00
145,9660.0,7823.0,18750.0,16750,597,614,29736,588,785.0,39500,761,657.5,11355.0,3405.0,2022-03-21 00:00:00
147,9660.0,9164.0,18750.0,16750,536,610,27559,587,855.0,39500,780,657.5,13189.0,4181.0,2022-03-28 00:00:00
156,9660.0,9164.0,18750.0,16750,489,605,26627,584,845.0,39500,768,655.0,13189.0,4181.0,2022-04-04 00:00:00
158,6950.0,9164.0,18000.0,14500,419,603,25989,583,810.0,46000,681,652.5,13189.0,4181.0,2022-04-11 00:00:00
152,6950.0,9164.0,18000.0,14500,485,595,26719,575,765.0,46000,680,642.5,13189.0,4181.0,2022-04-18 00:00:00
151,6950.0,9164.0,18000.0,14500,502,566,28891,547,720.0,46000,650,617.5,13189.0,4181.0,2022-04-25 00:00:00
140,6950.0,7233.0,18000.0,14500,500,512,30427,492,680.0,46000,610,557.5,10929.0,3605.0,2022-05-02 00:00:00
143,7000.0,7233.0,18000.0,14000,494,487,31017,467,675.0,42000,560,535.0,10929.0,3605.0,2022-05-09 00:00:00
130,7000.0,7233.0,18000.0,14000,493,445,30791,425,690.0,42000,450,492.5,10929.0,3605.0,2022-05-16 00:00:00
131,7000.0,7233.0,18000.0,14000,495,417,28480,415,570.0,42000,468,465.0,10929.0,3605.0,2022-05-23 00:00:00
133,7000.0,7110.0,18000.0,14000,464,412,21615,411,567.5,42000,447,462.5,10809.0,3864.0,2022-05-30 00:00:00
139,4775.0,7110.0,9500.0,8000,418,396,20122,390,550.0,33000,430,437.5,10809.0,3864.0,2022-06-06 00:00:00
145,4775.0,7110.0,9500.0,8000,393,381,18736,374,540.0,33000,463,422.5,10809.0,3864.0,2022-06-13 00:00:00
131,4775.0,7110.0,9500.0,8000,392,339,18221,333,515.0,33000,400,377.5,10809.0,3864.0,2022-06-20 00:00:00
114,4775.0,4950.0,9500.0,8000,371,297,17846,292,490.0,33000,365,337.5,6778.0,2760.0,2022-06-27 00:00:00
121,4775.0,4950.0,9500.0,8000,331,303,17223,298,487.5,33000,360,342.5,6778.0,2760.0,2022-07-04 00:00:00
113,3325.0,4950.0,7500.0,6500,302,356,17148,353,492.5,29900,390,402.5,6778.0,2760.0,2022-07-11 00:00:00
103,3325.0,4950.0,7500.0,6500,272,370,18308,364,492.5,29900,410,412.5,6778.0,2760.0,2022-07-18 00:00:00
98,3325.0,4950.0,7500.0,6500,257,348,20147,342,525.0,29900,410,385.0,6778.0,2760.0,2022-07-25 00:00:00
112,3325.0,3405.0,7500.0,6500,227,317,21835,310,445.0,29900,400,355.0,4602.0,1984.0,2022-08-01 00:00:00
109,3350.0,3405.0,6500.0,5750,220,321,23534,315,435.0,23250,390,355.0,4602.0,1984.0,2022-08-08 00:00:00
109,3350.0,3405.0,6500.0,5750,238,357,23841,350,455.0,23250,390,390.0,4602.0,1984.0,2022-08-15 00:00:00
102,3350.0,3405.0,6500.0,5750,264,361,24239,353,455.0,23250,380,392.5,4602.0,1984.0,2022-08-22 00:00:00
103,3350.0,3470.0,6500.0,5750,270,363,24231,356,455.0,23250,368,397.5,4507.0,1950.0,2022-08-29 00:00:00
98,3800.0,3470.0,6250.0,5750,270,359,23357,351,435.0,23350,370,397.5,4507.0,1950.0,2022-09-05 00:00:00
99,3800.0,3470.0,6250.0,5750,272,339,22647,328,425.0,23350,360,375.0,4507.0,1950.0,2022-09-12 00:00:00
101,3800.0,3470.0,6250.0,5750,267,316,22518,305,430.0,23350,355,351.5,4507.0,1950.0,2022-09-19 00:00:00
98,3800.0,3889.0,6250.0,5750,264,316,22726,292,440.0,23350,355,352.5,5035.0,2216.0,2022-09-26 00:00:00
96,3800.0,3889.0,6250.0,5750,273,333,22719,309,445.0,23350,365,372.5,5035.0,2216.0,2022-10-03 00:00:00
96,3990.0,3889.0,6500.0,6250,278,334,22662,311,455.0,22000,395,372.5,5035.0,2216.0,2022-10-10 00:00:00
97,3990.0,3889.0,6500.0,6250,285,332,22585,312,455.0,22000,395,372.5,5035.0,2216.0,2022-10-17 00:00:00
93,3990.0,3889.0,6500.0,6250,293,325,22558,306,470.0,22000,395,367.5,5035.0,2216.0,2022-10-24 00:00:00
85,3990.0,4202.0,6500.0,6250,300,318,22220,300,465.0,22000,379,362.5,5002.0,2554.0,2022-10-31 00:00:00
83,3975.0,4202.0,6650.0,6250,306,313,21481,265,457.5,22500,370,357.5,5002.0,2554.0,2022-11-07 00:00:00
89,3975.0,4202.0,6650.0,6250,305,307,20399,257,435.0,22500,345,352.5,5002.0,2554.0,2022-11-14 00:00:00
97,3975.0,4202.0,6650.0,6250,280,301,19835,259,442.5,22500,335,344.5,5002.0,2554.0,2022-11-21 00:00:00
96,3975.0,4221.0,6650.0,6250,259,312,19843,271,445.0,22500,361,353.0,5022.0,2550.0,2022-11-28 00:00:00
102,3975.0,4221.0,7000.0,6350,259,336,19746,297,450.0,21000,350,373.5,5022.0,2550.0,2022-12-05 00:00:00
110,3975.0,4221.0,7000.0,6350,264,352,19435,311,445.0,21000,355,379.0,5022.0,2550.0,2022-12-12 00:00:00
111,3975.0,4221.0,7000.0,6350,266,356,19341,312,447.5,21000,355,385.0,5022.0,2550.0,2022-12-19 00:00:00
112,3975.0,4160.0,7000.0,6350,279,355,19386,311,447.5,21000,359,385.0,5042.0,2584.0,2022-12-26 00:00:00
116,3975.0,4160.0,7000.0,6350,292,368,19412,320,452.5,21000,370,392.5,5042.0,2584.0,2023-01-02 00:00:00
118,4150.0,4160.0,7500.0,6750,303,383,19581,338,457.5,22500,377,411.5,5042.0,2584.0,2023-01-09 00:00:00
123,4150.0,4160.0,7500.0,6750,306,388,20288,347,457.5,22500,405,416.0,5042.0,2584.0,2023-01-16 00:00:00
123,4150.0,4160.0,7500.0,6750,315,377,21626,336,455.0,22500,400,407.5,5042.0,2584.0,2023-01-23 00:00:00
127,4200.0,4382.0,7500.0,6750,322,384,23110,343,465.0,22500,400,412.5,5043.0,2577.0,2023-01-30 00:00:00
127,4787.5,4382.0,7500.0,7750,335,395,23784,359,512.5,24000,410,421.5,5043.0,2577.0,2023-02-06 00:00:00
124,4787.5,4382.0,7500.0,7750,352,399,24100,363,505.0,24000,415,421.5,5043.0,2577.0,2023-02-13 00:00:00
124,4787.5,4382.0,7500.0,7750,367,390,24184,354,500.0,24000,423,418.0,5043.0,2577.0,2023-02-20 00:00:00
130,4787.5,4898.0,7500.0,7750,362,411,24047,375,502.5,24000,423,438.5,5547.0,2921.0,2023-02-27 00:00:00
126,5037.5,4898.0,7500.0,8000,348,422,24055,387,500.0,25500,430,453.5,5547.0,2921.0,2023-03-06 00:00:00
128,5037.5,4898.0,7500.0,8000,354,426,25021,393,502.5,25500,452,460.0,5547.0,2921.0,2023-03-13 00:00:00
