date,Производство арматуры Сортовой прокат_Арматура,Производство арматуры Сортовой прокат_Катанка,Производство арматуры Сортовой прокат_Прутки прочие,Производство сырья ЖРС_Агломерат,Производство сырья ЖРС_Аглоруда,Производство сырья ЖРС_Концентрат,Производство сырья ЖРС_Концентрат для дообогащения,Производство сырья ЖРС_Окатыши,Производство сырья Кокс_Кокс валовый,Производство сырья Концентрат коксующегося угля_Жирные,Производство сырья Концентрат коксующегося угля_Коксовые,Производство сырья Концентрат коксующегося угля_Отощающие,Производство сырья Металлизованная продукция_ГБЖ,Производство сырья Металлизованная продукция_ПВЖ,Производство сырья Рядовой коксующийся уголь_Газовые,Производство сырья Рядовой коксующийся уголь_Жирные,Производство сырья Рядовой коксующийся уголь_Коксовые,Производство сырья Рядовой коксующийся уголь_Отощающие,Производство сырья Сталь_Конвертер,Производство сырья Сталь_Мартен,Производство сырья Сталь_Сталь всего,Производство сырья Сталь_Электропечь,Производство сырья Чугун_Чугун,ПотреблениеЖРС_Концентрат,ПотреблениеЖРС_Агломерат,ПотреблениеЖРС_Окатыши,ПотреблениеЖРС_Концентрат для дообогащения,ПотреблениеЖРС_Аглоруда,Поставки Сортовой прокат_Арматура,Поставки Сортовой прокат_Катанка,Поставки Сортовой прокат_Прутки прочие,Поставки Концентрат коксующегося угля_Жирные,Поставки Концентрат коксующегося угля_Коксовые,Поставки Концентрат коксующегося угля_Отощающие,Поставки Кокс_Кокс доменный,Поставки Чугун_Литейный чугун,Поставки Чугун_Передельный чугун,Поставки ЖРС_Агломерат,Поставки ЖРС_Аглоруда,Поставки ЖРС_Концентрат,Поставки ЖРС_Концентрат для дообогащения,Поставки ЖРС_Окатыши,Спрос ЖРС_Агломерат,Спрос ЖРС_Аглоруда,Спрос ЖРС_Концентрат,Спрос ЖРС_Концентрат для дообогащения,Спрос ЖРС_Окатыши,Спрос Металлизованная продукция_ГБЖ,Спрос Кокс_Кокс доменный,Спрос Концентрат коксующегося угля_Жирные,Спрос Концентрат коксующегося угля_Коксовые,Спрос Концентрат коксующегося угля_Отощающие,Импорт сырья ЖРС_Концентрат,Импорт сырья ЖРС_Окатыши,Импорт сырья Концентрат коксующегося угля_Жирные,Импорт сырья Концентрат коксующегося угля_Коксовые,Импорт арматуры Сортовой прокат_Арматура,Импорт арматуры Сортовой прокат_Катанка,Импорт арматуры Сортовой прокат_Прутки прочие,Экспорт сырья ЖРС_Агломерат,Экспорт сырья ЖРС_Аглоруда,Экспорт сырья ЖРС_Концентрат,Экспорт сырья ЖРС_Окатыши,Экспорт сырья Кокс_Кокс доменный,Экспорт сырья Кокс_Мелочь коксовая,Экспорт сырья Кокс_Орешек коксовый,Экспорт сырья Концентрат коксующегося угля_Жирные,Экспорт сырья Концентрат коксующегося угля_Коксовые,Экспорт сырья Концентрат коксующегося угля_Отощающие,Экспорт сырья Лом_Лом коррозионностойкой стали,Экспорт сырья Лом_Лом стальной,Экспорт сырья Лом_Лом чугуна,Экспорт сырья Металлизованная продукция_Всего отгружено с предприятия,Экспорт сырья Металлизованная продукция_ГБЖ,Экспорт сырья Чугун_Всего отгружено с предприятия,Экспорт сырья Чугун_Литейный чугун,Экспорт сырья Чугун_Передельный чугун,Экспорт арматуры Сортовой прокат_Арматура,Экспорт арматуры Сортовой прокат_Катанка,Экспорт арматуры Сортовой прокат_Прутки прочие
1970-01-01 03:00:42,527,208,191,"5,127",376,"9,063",631,"3,691","2,307","2,448","2,000",272,243,266,342,"3,886","1,815",931,"3,803",102,"5,543","1,636","4,250","3,666",383,"2,141",593,301,430,141,142,"1,569","1,635",49,407,2,45,384,301,"3,217",594,"2,006",384,301,"3,667",594,"2,142",39,416,"1,689","1,454",49,450,136,0,16,,,,0,0,0,0,0,0,0,5,0,0,0,0,0,0,0,0,0,0,97,68,50
1970-01-01 03:00:42,563,231,216,"4,776",343,"8,850",608,"3,450","2,297","2,314","2,078",279,229,248,347,"3,759","1,887","1,176","3,653",78,"5,527","1,795","4,227","3,763",371,"2,226",599,323,447,151,160,"1,577","1,616",33,451,1,42,371,323,"3,313",599,"2,032",371,323,"3,763",599,"2,226",23,465,"1,688","1,467",33,450,194,0,23,,,,0,0,0,0,0,0,0,0,0,0,0,0,0,0,0,0,0,0,118,79,55
1970-01-01 03:00:43,614,263,235,"5,107",420,"9,013",626,"3,849","2,481","2,720","2,326",301,243,266,394,"3,948","1,983","1,296","3,974",36,"5,954","1,942","4,626","3,784",371,"2,332",714,370,493,165,163,"1,581","1,714",54,419,2,48,371,369,"3,336",714,"2,152",371,369,"3,786",714,"2,330",24,430,"1,815","1,480",54,450,178,0,33,,,,0,0,0,0,0,0,0,0,0,0,0,0,0,0,0,0,0,0,123,100,71
1970-01-01 03:00:43,659,242,237,"4,809",400,"9,275",613,"3,688","2,372","2,343","2,306",295,234,259,357,"3,412","1,851","1,319","3,867",104,"5,929","1,960","4,253","3,506",336,"2,336",710,384,530,164,176,"1,428","1,703",72,488,4,42,337,386,"3,140",709,"2,195",337,386,"3,508",709,"2,335",35,495,"1,620","1,511",72,368,140,19,38,,,,0,0,0,0,0,0,0,0,0,0,0,0,0,0,0,0,0,0,129,78,61
1970-01-01 03:00:43,703,249,238,"5,147",420,"9,587",518,"4,032","2,255","2,407","2,363",317,240,269,403,"3,722","1,951","1,345","3,871",141,"6,040","2,029","4,369","3,592",439,"2,566",590,381,562,159,190,"1,431","1,644",49,526,2,47,439,382,"3,216",590,"2,358",439,382,"3,595",590,"2,564",41,534,"1,591","1,484",49,379,206,0,51,,,,0,0,0,75,0,0,0,0,0,0,0,0,0,0,0,0,0,0,142,90,48
1970-01-01 03:00:43,671,257,245,"4,819",436,"9,130",596,"3,874","2,289","2,350","2,289",294,232,257,378,"3,557","1,753","1,069","3,655",142,"5,770","1,973","4,195","3,511",415,"2,496",578,411,583,165,173,"1,482","1,619",57,437,2,28,416,413,"3,174",578,"2,289",416,413,"3,510",578,"2,493",38,445,"1,643","1,458",57,336,204,0,70,,,,0,0,0,50,0,0,0,0,0,0,0,0,0,0,0,0,0,0,88,91,71
1970-01-01 03:00:43,642,243,305,"5,221",399,"8,874",650,"3,765","2,415","2,512","2,262",298,160,216,369,"3,594","2,027","1,206","4,061",121,"6,091","1,909","4,477","3,729",452,"2,359",652,398,553,175,195,"1,528","1,595",66,477,2,55,452,398,"3,292",651,"2,161",452,398,"3,728",651,"2,358",21,488,"1,686","1,430",66,436,197,0,37,,,,0,0,0,54,0,0,0,0,0,0,0,0,0,0,0,0,0,0,90,68,113
1970-01-01 03:00:43,646,230,265,"5,186",377,"9,220",593,"4,062","2,497","2,561","2,354",327,203,226,396,"3,411","2,074","1,465","3,797",131,"5,856","1,930","4,366","3,773",430,"2,388",508,363,546,168,201,"1,447","1,621",49,497,4,32,432,364,"3,428",508,"2,201",432,364,"3,775",508,"2,387",22,509,"1,605","1,463",49,347,186,0,34,,,,0,0,5,0,0,0,0,0,0,0,0,0,0,0,0,0,0,0,102,62,64
1970-01-01 03:00:43,641,251,245,"4,933",348,"9,141",582,"3,889","2,386","2,602","2,423",290,235,254,368,"3,744","2,232","1,309","3,704",108,"5,690","1,878","4,024","3,530",351,"2,148",659,348,526,168,183,"1,522","1,610",43,409,1,36,352,349,"3,241",658,"1,960",352,349,"3,529",658,"2,146",42,420,"1,699","1,433",43,288,186,0,68,,,,0,0,19,72,0,0,0,0,0,0,0,0,0,0,0,0,0,0,117,83,61
1970-01-01 03:00:43,669,245,240,"4,856",323,"9,198",617,"3,980","2,333","2,728","2,630",288,261,261,338,"3,582","2,343","1,565","3,792",149,"5,949","2,008","4,227","3,631",378,"2,359",585,334,570,172,187,"1,619","1,684",55,445,3,101,379,333,"3,296",585,"2,268",379,333,"3,631",585,"2,359",26,459,"1,786","1,517",55,335,91,0,34,,,,0,0,9,158,0,0,0,0,0,0,0,0,0,0,0,0,0,0,98,73,56
1970-01-01 03:00:43,644,226,235,"4,978",321,"9,006",583,"3,882","2,334","2,567","2,396",303,236,251,372,"3,438","2,138","1,379","3,944",110,"5,917","1,862","4,319","3,773",406,"2,174",515,302,548,162,179,"1,431","1,611",50,479,2,79,407,301,"3,396",514,"2,024",407,301,"3,771",514,"2,175",32,493,"1,607","1,435",50,375,151,0,51,,,,0,0,63,0,0,0,0,3,0,0,0,0,0,0,0,0,0,0,96,65,56
1970-01-01 03:00:43,616,243,224,"5,193",366,"9,185",638,"4,111","2,437","2,673","2,429",287,240,262,367,"3,632","2,131","1,416","4,193",104,"6,222","1,926","4,465","3,823",408,"2,418",649,311,475,160,158,"1,628","1,670",38,526,2,50,408,311,"3,379",650,"2,224",408,311,"3,824",650,"2,419",42,535,"1,817","1,482",38,445,195,0,46,,,,0,0,55,75,0,0,0,0,0,0,0,0,0,0,0,0,0,0,145,83,67
1970-01-01 03:00:43,531,213,212,"4,954",278,"9,357",605,"4,403","2,215","2,721","2,474",387,215,263,499,"3,549","2,163","1,306","4,084",152,"6,090","1,855","4,445","3,723",399,"2,330",613,255,439,160,166,"1,492","1,689",46,468,1,43,399,255,"3,348",613,"2,079",399,255,"3,723",613,"2,329",109,478,"1,643","1,539",46,375,250,0,56,32.0,1.0,5.0,0,0,90,70,33,0,0,10,117,0,0,0,0,0,0,0,0,0,92,53,46
1970-01-01 03:00:43,524,210,237,"4,545",355,"8,339",570,"3,848","2,149","2,356","2,126",301,221,237,354,"2,911","2,005","1,416","3,575",132,"5,542","1,834","3,977","3,323",370,"1,962",568,293,422,138,179,"1,323","1,549",64,417,1,40,370,293,"2,999",568,"1,759",370,293,"3,325",568,"1,959",80,427,"1,499","1,374",64,326,200,0,69,23.0,1.0,13.0,0,0,114,16,0,0,0,0,112,0,0,0,0,0,0,0,0,0,102,71,58
1970-01-01 03:00:43,648,240,249,"5,325",425,"9,445",650,"4,249","2,442","2,436","2,620",306,255,255,346,"3,318","2,416","1,440","4,082",160,"6,330","2,087","4,543","3,782",411,"2,275",657,368,526,154,177,"1,442","1,804",60,465,2,36,411,368,"3,332",656,"2,124",411,368,"3,782",656,"2,274",67,479,"1,641","1,606",60,450,150,0,106,15.0,1.0,11.0,0,0,115,76,0,0,0,0,108,0,0,0,0,0,0,0,0,0,121,86,72
1970-01-01 03:00:43,653,234,233,"5,286",436,"9,252",614,"4,103","2,361","2,222","2,404",216,374,253,233,"3,311","2,129","1,315","4,065",152,"6,125","1,907","4,392","3,719",376,"2,316",610,421,514,171,183,"1,392","1,475",53,477,4,44,376,419,"3,270",610,"2,163",376,419,"3,720",610,"2,313",123,487,"1,527","1,340",53,450,150,0,53,23.0,2.0,10.0,0,0,101,0,0,0,0,0,125,0,0,0,0,0,0,0,0,0,140,63,50
1970-01-01 03:00:43,717,255,259,"5,071",436,"9,568",636,"4,552","2,374","2,431","2,529",287,399,260,346,"3,642","2,079","1,415","3,825",160,"5,928","1,941","4,300","3,802",401,"2,589",557,435,605,185,195,"1,470","1,716",55,397,2,38,401,435,"3,351",558,"2,434",401,435,"3,828",531,"2,589",98,407,"1,656","1,531",55,450,155,0,75,16.0,3.0,11.0,0,0,154,131,0,0,0,4,115,0,0,0,0,0,0,0,0,0,114,72,65
1970-01-01 03:00:43,685,250,261,"4,764",483,"9,272",427,"4,613","2,254","2,460","2,350",240,401,189,256,"3,470","2,130","1,367","3,563",146,"5,664","1,955","4,088","3,329",370,"2,506",474,451,578,160,183,"1,335","1,678",66,402,2,51,371,450,"2,886",474,"2,306",371,450,"3,358",447,"2,506",109,411,"1,528","1,485",66,445,200,0,80,34.0,2.0,11.0,0,0,215,289,0,0,0,28,69,0,0,0,0,0,0,0,0,11,108,91,80
1970-01-01 03:00:43,667,241,265,"5,001",512,"9,486",526,"4,299","2,353","2,723","2,386",315,379,266,336,"3,701","2,125","1,387","3,928",159,"6,101","2,014","4,317","3,610",368,"2,606",480,507,581,166,193,"1,399","1,601",94,412,1,37,368,507,"3,125",480,"2,380",368,507,"3,610",480,"2,605",122,423,"1,606","1,395",94,485,225,0,63,70.0,9.0,10.0,0,0,195,196,0,0,0,99,64,0,0,0,0,0,0,0,0,0,87,75,72
1970-01-01 03:00:43,704,264,266,"5,084",499,"9,474",528,"4,572","2,354","2,701","2,386",374,364,171,422,"3,741","2,190","1,172","4,004",155,"6,181","2,022","4,394","3,799",353,"2,520",511,477,626,185,189,"1,471","1,662",96,477,2,52,353,478,"3,364",511,"2,321",353,478,"3,799",511,"2,521",99,491,"1,643","1,491",96,435,200,0,47,83.0,10.0,10.0,0,0,239,282,0,0,0,55,123,0,0,0,0,0,0,0,0,0,91,82,76
1970-01-01 03:00:43,672,259,244,"4,784",474,"9,168",556,"4,542","2,290","2,825","2,259",274,384,228,308,"3,640","2,158","1,126","3,871",153,"5,965","1,939","4,279","3,559",376,"2,505",403,470,555,162,176,"1,521","1,541",76,426,0,35,376,471,"3,135",404,"2,332",376,471,"3,560",404,"2,509",94,438,"1,692","1,370",76,425,175,0,68,83.0,18.0,8.0,0,0,209,489,0,0,0,93,129,0,0,0,0,0,0,0,0,0,113,98,66
1970-01-01 03:00:43,564,186,268,"4,979",422,"9,470",487,"4,503","2,509","2,893","2,395",276,336,284,299,"4,205","2,191","1,104","3,819",144,"5,962","1,997","4,330","3,499",346,"2,519",516,426,484,155,177,"1,444","1,679",63,413,1,32,346,426,"3,044",516,"2,320",346,426,"3,499",516,"2,522",74,422,"1,618","1,506",63,455,200,0,81,66.0,4.0,8.0,0,0,185,425,7,6,0,80,99,0,0,0,0,0,0,0,0,0,78,32,94
1970-01-01 03:00:43,497,184,243,"4,855",379,"8,969",478,"4,484","2,282","2,692","2,180",428,362,274,510,"3,749","2,054","1,135","4,030",156,"5,994","1,807","4,422","3,755",407,"2,765",411,366,381,144,167,"1,492","1,524",72,410,2,43,408,365,"3,303",410,"2,566",408,365,"3,758",410,"2,766",92,421,"1,678","1,339",72,455,200,0,68,66.0,8.0,11.0,0,0,168,457,0,0,0,40,80,33,0,0,0,0,0,0,0,0,117,40,79
1970-01-01 03:00:43,630,215,253,"5,240",401,"9,469",467,"4,627","2,314","2,539","2,314",353,407,287,404,"3,806","2,057","1,244","4,132",176,"6,290","1,981","4,603","4,021",412,"2,858",397,378,454,149,181,"1,461","1,766",67,464,0,69,412,379,"3,573",397,"2,661",412,379,"4,023",397,"2,861",87,476,"1,666","1,562",67,450,200,0,44,69.0,29.0,7.0,0,0,102,486,27,0,2,28,75,0,0,0,0,0,0,0,0,0,178,68,75
1970-01-01 03:00:43,530,205,240,"5,223",400,"9,382",485,"4,761","2,370","2,482","2,063",255,425,286,282,"3,764","1,798","1,175","4,061",133,"6,171","1,978","4,530","3,791",391,"2,823",346,395,418,156,173,"1,334","1,519",61,436,1,29,391,395,"3,376",346,"2,662",391,395,"3,791",346,"2,822",86,449,"1,541","1,313",61,415,160,0,21,84.0,5.0,6.0,0,70,142,676,29,0,3,29,24,0,0,0,0,0,0,0,0,0,113,49,66
1970-01-01 03:00:43,491,204,248,"4,595",395,"8,537",508,"4,247","2,046","2,479","2,053",287,375,253,306,"3,458","1,857","1,226","3,533",173,"5,542","1,837","3,989","3,593",365,"2,455",472,340,389,165,176,"1,305","1,413",65,373,3,41,365,341,"3,203",472,"2,324",365,341,"3,593",472,"2,454",94,386,"1,493","1,227",65,390,130,0,10,66.0,21.0,6.0,0,50,205,415,28,0,2,112,146,0,0,0,0,0,0,0,0,0,103,41,76
1970-01-01 03:00:43,621,237,275,"4,884",391,"9,597",583,"4,866","2,282","2,959","2,203",374,435,286,335,"4,090","2,041","1,284","4,107",140,"6,322","2,076","4,470","3,938",347,"2,579",469,368,497,182,183,"1,507","1,517",137,425,1,46,347,368,"3,507",469,"2,449",347,368,"3,937",469,"2,579",74,434,"1,755","1,272",137,430,130,11,0,61.0,22.0,7.0,0,50,299,264,29,0,4,189,145,0,0,0,0,0,0,0,0,53,125,54,90
1970-01-01 03:00:43,594,223,273,"4,922",387,"9,459",451,"4,869","2,134","2,677","2,359",283,413,277,293,"3,980","2,031","1,223","3,899",137,"6,131","2,096","4,332","3,951",375,"2,775",425,328,501,182,187,"1,391","1,513",85,410,2,57,375,327,"3,467",425,"2,594",375,327,"3,952",425,"2,774",74,418,"1,604","1,300",85,485,180,0,21,38.0,14.0,8.0,0,8,235,530,29,2,9,147,159,0,0,0,0,0,0,0,0,0,92,40,87
1970-01-01 03:00:43,680,268,254,"5,023",439,"9,708",526,"4,916","2,217","2,584","2,245",283,430,286,264,"3,686","2,008","1,416","3,908",133,"6,200","2,160","4,255","3,843",420,"2,866",410,438,577,215,182,"1,382","1,463",79,383,2,37,421,438,"3,354",410,"2,716",421,438,"3,844",410,"2,866",80,389,"1,597","1,248",79,490,150,0,35,84.0,17.0,10.0,0,11,198,636,16,4,7,55,116,0,0,0,0,0,0,0,0,0,102,54,70
1970-01-01 03:00:43,654,222,270,"4,932",431,"9,744",540,"4,725","2,214","1,514","1,413",75,438,223,340,"3,457","2,055","1,412","3,908",104,"6,140","2,128","4,342","3,924",403,"2,706",464,493,545,179,210,"1,379","1,548",75,413,2,48,404,493,"3,425",465,"2,560",404,493,"3,925",465,"2,707",89,421,"1,597","1,330",75,500,147,0,27,63.0,45.0,11.0,0,27,191,499,14,6,9,81,217,0,0,0,0,0,0,0,0,0,109,43,61
1970-01-01 03:00:43,626,302,250,"5,123",480,"9,710",506,"4,882","2,310","2,758","2,580",300,308,286,268,"3,719","2,346","1,487","4,060",126,"6,403","2,217","4,458","3,905",401,"2,861",422,474,515,233,198,"1,447","1,698",93,428,2,34,401,476,"3,410",423,"2,710",401,476,"3,905",423,"2,860",65,441,"1,695","1,450",93,495,150,0,30,83.0,10.0,10.0,0,38,149,644,24,6,8,108,292,0,0,0,0,0,0,0,0,0,112,69,53
1970-01-01 03:00:43,705,293,274,"4,814",416,"9,813",568,"4,809","2,328","2,779","2,395",363,320,226,362,"3,993","2,116","1,410","3,894",136,"6,161","2,130","4,360","3,929",386,"3,001",379,412,597,232,218,"1,476","1,527",89,449,2,40,386,412,"3,446",379,"2,790",386,412,"3,930",379,"3,000",80,458,"1,659","1,345",89,484,210,0,40,86.0,25.0,8.0,0,58,324,639,14,6,10,117,219,0,0,0,0,0,0,0,0,0,107,61,56
1970-01-01 03:00:43,709,304,254,"4,615",409,"9,497",527,"4,716","2,211","2,547","2,233",363,348,277,343,"3,776","2,267","1,305","3,702",125,"5,889","2,062","4,132","3,681",357,"2,677",382,347,615,223,201,"1,421","1,428",100,418,1,45,358,348,"3,166",381,"2,495",358,348,"3,682",381,"2,675",76,426,"1,594","1,255",100,516,180,0,38,77.0,35.0,9.0,0,63,397,435,62,3,7,107,156,0,0,0,0,0,0,0,0,0,91,80,53
1970-01-01 03:00:43,709,276,269,"4,658",425,"10,009",495,"4,813","2,241","2,885","2,383",304,368,231,324,"4,047","2,311","1,304","3,673",139,"5,936","2,124","4,236","3,765",389,"2,846",397,411,604,204,214,"1,612","1,539",79,440,1,47,389,410,"3,264",397,"2,655",389,410,"3,764",397,"2,845",67,452,"1,807","1,345",79,500,190,0,43,53.0,16.0,14.0,0,53,372,407,33,10,21,141,136,0,0,0,0,0,0,0,0,0,107,73,56
1970-01-01 03:00:43,567,262,253,"4,201",377,"9,835",518,"4,692","2,236","2,735","2,249",351,375,277,362,"3,649","2,344","1,375","3,817",171,"5,831","1,845","4,276","3,885",370,"2,780",474,392,486,175,194,"1,617","1,443",75,442,2,56,370,392,"3,505",475,"2,578",370,392,"3,885",475,"2,779",77,451,"1,738","1,322",75,380,201,0,34,63.0,0.0,14.0,0,65,204,490,48,8,16,103,139,0,0,0,0,0,0,0,0,18,83,87,58
1970-01-01 03:00:44,695,258,255,"4,843",429,"9,678",583,"4,812","2,334","2,739","2,227",288,387,226,281,"3,677","2,118","1,142","4,051",134,"6,243","2,057","4,456","4,113",387,"3,028",421,374,585,186,191,"1,506","1,539",93,438,2,37,388,376,"3,592",420,"2,828",388,376,"4,112",420,"3,029",69,449,"1,592","1,453",93,520,201,0,49,40.0,26.0,11.0,0,79,352,512,65,7,5,228,191,0,0,0,0,0,0,0,0,13,110,71,61
1970-01-01 03:00:44,634,245,252,"4,967",358,"9,688",556,"4,937","2,363","3,051","2,266",358,421,285,322,"4,193","2,093","1,404","4,142",132,"6,204","1,929","4,513","3,999",386,"2,755",483,318,537,192,194,"1,705","1,460",103,417,0,40,386,318,"3,548",483,"2,591",386,318,"3,998",483,"2,757",75,430,"1,779","1,386",103,450,166,0,20,9.0,0.0,6.0,0,70,163,334,31,7,6,345,195,0,0,0,0,0,0,0,0,5,95,53,58
1970-01-01 03:00:44,595,238,239,"4,543",325,"8,712",486,"4,401","2,124","2,739","2,060",323,413,262,306,"3,918","1,661","1,211","3,733",101,"5,737","1,903","4,079","3,590",373,"2,580",398,341,495,174,163,"1,444","1,267",93,405,0,29,374,340,"3,216",398,"2,378",374,340,"3,591",398,"2,581",83,415,"1,458","1,253",93,375,203,0,28,60.0,33.0,7.0,0,92,192,402,27,7,9,216,149,0,0,0,0,0,0,0,0,14,100,65,76
1970-01-01 03:00:44,684,285,247,"5,017",430,"9,664",573,"4,842","2,302","3,135","2,468",370,420,289,354,"4,369","2,212","1,535","3,925",138,"6,145","2,082","4,354","4,085",355,"3,081",511,325,533,213,184,"1,760","1,458",103,432,4,38,355,324,"3,548",511,"2,888",355,324,"4,084",511,"3,080",99,438,"1,798","1,420",103,536,192,0,44,69.0,47.0,11.0,0,92,353,609,31,9,8,253,265,0,0,0,0,0,0,0,0,40,151,74,61
1970-01-01 03:00:44,731,290,263,"4,677",342,"9,732",582,"4,825","2,229","2,827","2,393",417,408,276,432,"3,852","2,151","1,521","3,702",143,"5,836","1,991","4,104","3,963",404,"2,863",514,361,613,214,196,"1,273","1,490",92,408,1,29,403,360,"3,469",514,"2,671",403,360,"3,962",514,"2,863",76,415,"1,415","1,349",92,493,192,0,32,45.0,43.0,10.0,0,94,357,499,18,9,9,270,291,0,0,0,0,0,0,0,0,2,118,74,69
1970-01-01 03:00:44,787,262,233,"4,942",261,"10,145",438,"4,975","2,263","3,124","2,646",346,430,286,312,"3,917","2,647","1,924","4,036",91,"6,301","2,174","4,338","4,088",428,"2,791",338,273,667,195,165,"1,491","1,546",103,366,2,33,427,272,"3,523",338,"2,601",427,272,"4,091",338,"2,793",95,376,"1,596","1,441",103,568,192,0,27,74.0,52.0,11.0,0,7,349,738,33,13,12,310,328,0,0,0,0,0,0,0,0,18,120,67,70
1970-01-01 03:00:44,790,212,238,"4,699",367,"9,786",556,"4,748","2,148","2,772","2,328",246,434,229,207,"4,026","1,978","1,631","3,832",143,"6,064","2,089","4,116","4,079",392,"2,335",476,276,673,166,166,"1,552","1,581",96,330,1,37,392,275,"3,530",476,"2,100",392,275,"4,081",476,"2,333",80,341,"1,722","1,411",96,551,233,0,33,68.0,35.0,5.0,0,0,289,370,49,11,5,315,265,0,0,0,0,0,0,0,0,24,116,48,69
1970-01-01 03:00:44,779,249,239,"4,755",390,"10,125",589,"4,794","2,226","2,970","2,269",326,450,286,330,"4,252","1,924","1,430","3,829",136,"6,069","2,103","4,258","3,917",346,"2,653",471,385,656,212,191,"1,533","1,361",75,356,2,26,346,384,"3,453",472,"2,432",346,384,"3,921",472,"2,653",96,366,"1,579","1,315",75,468,221,0,28,65.0,54.0,7.0,0,5,247,357,48,7,11,414,302,0,0,0,0,0,0,0,0,23,123,37,49
1970-01-01 03:00:44,755,265,257,"4,866",416,"10,009",626,"4,583","2,262","3,023","2,350",279,424,221,251,"4,356","1,863","1,699","3,848",141,"5,980","1,991","4,312","4,005",390,"2,498",523,423,653,232,211,"1,690","1,319",98,356,4,23,390,422,"3,447",523,"2,285",390,422,"4,007",523,"2,497",78,367,"1,752","1,181",98,560,212,0,31,68.0,38.0,11.0,0,97,221,396,25,10,7,369,348,0,0,18,0,0,0,0,0,32,98,35,48
1970-01-01 03:00:44,728,226,235,"4,513",412,"9,952",556,"4,737","2,188","3,080","2,231",166,323,279,89,"4,378","2,105","1,531","3,873",133,"5,903","1,898","4,159","3,547",391,"2,648",446,381,630,186,176,"1,561","1,189",82,358,5,31,391,380,"3,057",446,"2,447",391,380,"3,547",446,"2,647",68,366,"1,639","1,070",82,490,200,0,29,44.0,21.0,9.0,0,0,350,452,25,11,6,298,223,0,0,0,0,0,0,0,0,29,96,42,59
1970-01-01 03:00:44,661,264,222,"4,691",407,"10,195",574,"4,842","2,230","2,782","2,480",272,308,283,215,"4,085","2,175","1,672","3,831",107,"5,858","1,922","4,161","3,820",309,"2,639",506,316,558,236,181,"1,721","1,332",97,391,2,30,309,317,"3,290",506,"2,428",309,317,"3,820",506,"2,638",92,401,"1,814","1,198",97,530,210,0,27,58.0,36.0,6.0,0,0,555,523,19,6,3,231,363,0,0,0,0,0,0,0,0,37,103,29,40
1970-01-01 03:00:44,698,263,220,"4,782",375,"9,743",525,"4,733","2,174","2,936","2,328",250,335,279,264,"3,894","2,140","1,391","3,842",152,"5,788","1,794","4,323","3,724",381,"2,711",483,342,570,196,180,"1,818","1,251",66,421,1,19,380,342,"3,286",483,"2,509",380,342,"3,722",483,"2,710",73,429,"1,886","1,150",66,436,201,0,32,76.0,40.0,4.0,0,0,512,340,6,4,3,254,289,0,0,7,0,0,0,0,0,21,128,67,39
1970-01-01 03:00:44,643,300,228,"4,955",373,"9,894",584,"4,889","2,296","2,741","2,096",311,443,287,304,"3,799","2,065","1,416","4,175",101,"6,212","1,935","4,490","3,824",315,"2,738",546,384,526,201,186,"1,702","1,369",68,450,2,44,315,383,"3,331",547,"2,499",315,383,"3,826",547,"2,738",92,459,"1,795","1,257",68,495,239,0,41,49.0,48.0,6.0,0,0,450,380,0,5,4,224,121,0,0,6,0,0,0,0,0,18,118,100,42
1970-01-01 03:00:44,781,279,217,"5,158",312,"10,127",500,"5,070","2,294","2,852","2,228",315,417,286,303,"3,959","1,785","1,526","4,221",144,"6,443","2,077","4,625","4,047",326,"2,681",451,300,616,210,179,"1,694","1,384",67,433,0,68,325,299,"3,543",451,"2,471",325,299,"4,045",451,"2,681",92,442,"1,785","1,288",67,502,210,0,17,62.0,35.0,4.0,0,8,389,401,0,3,4,272,249,0,0,0,0,0,20,0,0,32,164,66,37
1970-01-01 03:00:44,678,272,237,"4,823",400,"9,345",544,"4,698","2,164","3,006","2,144",318,415,269,300,"4,548","1,814","1,437","3,933",108,"5,978","1,936","4,240","3,764",297,"2,416",444,363,535,207,185,"1,631","1,267",70,428,2,52,296,363,"3,310",444,"2,251",296,363,"3,762",444,"2,416",112,421,"1,729","1,167",70,452,165,0,29,18.0,30.0,8.0,0,66,313,228,18,7,14,223,262,0,0,0,0,0,20,0,0,11,140,65,50
1970-01-01 03:00:44,772,279,269,"5,052",385,"10,307",588,"5,001","2,283","2,989","2,414",322,413,286,350,"4,633","2,192","1,353","4,085",136,"6,200","1,980","4,469","3,784",333,"2,540",488,371,610,205,216,"1,722","1,256",75,452,2,50,333,371,"3,268",489,"2,384",333,371,"3,785",489,"2,539",98,452,"1,805","1,173",75,517,155,0,38,57.0,47.0,6.0,0,0,342,270,11,8,18,198,297,0,0,0,0,0,20,0,7,29,163,73,53
1970-01-01 03:00:44,640,267,247,"4,751",453,"9,667",628,"4,740","2,146","3,085","2,284",435,421,279,521,"4,753","2,152","1,245","3,927",137,"5,877","1,813","4,169","3,331",338,"2,257",540,357,496,202,181,"1,690","1,312",45,413,1,46,338,356,"2,911",540,"2,197",338,356,"3,331",540,"2,257",118,406,"1,759","1,243",45,420,60,0,32,21.0,15.0,6.0,0,0,353,94,6,1,4,169,268,0,0,0,0,0,20,0,0,18,143,66,66
1970-01-01 03:00:44,662,245,178,"5,020",444,"10,260",450,"4,772","2,239","2,734","1,953",343,430,288,344,"4,251","1,811","1,015","3,970",136,"5,878","1,771","4,442","3,688",347,"2,279",398,410,491,174,126,"1,791","1,340",80,466,1,44,347,410,"3,270",398,"2,219",347,410,"3,690",398,"2,270",81,463,"1,805","1,248",80,420,60,0,30,17.0,17.0,3.0,0,0,430,368,22,4,3,175,218,0,0,0,0,0,15,0,0,0,169,69,52
1970-01-01 03:00:44,803,287,202,"4,832",421,"9,620",594,"4,292","2,143","3,228","1,960",297,394,230,281,"4,322","2,072","1,014","3,785",130,"5,872","1,957","4,116","3,705",317,"2,238",514,369,615,202,149,"1,656","1,326",75,433,1,23,317,368,"3,288",514,"2,186",317,368,"3,708",514,"2,205",68,428,"1,777","1,234",75,420,50,0,20,13.0,6.0,6.0,0,0,436,83,5,14,3,184,194,0,0,0,0,0,20,0,0,144,190,86,51
1970-01-01 03:00:44,893,305,205,"4,975",379,"10,238",618,"4,485","2,252","3,304","2,244",390,329,287,415,"4,475","2,091","1,124","3,850",114,"6,010","2,044","4,131","4,118",242,"2,331",598,365,753,219,160,"1,645","1,439",67,433,0,26,242,364,"3,567",598,"2,272",242,364,"4,117",598,"2,332",65,434,"1,712","1,372",67,550,60,0,20,59.0,12.0,5.0,0,0,439,250,76,3,3,214,169,0,0,0,0,0,20,0,0,23,140,86,46
1970-01-01 03:00:44,900,279,228,"4,876",373,"10,313",671,"4,772","2,286","3,515","2,250",376,307,180,364,"4,490","2,037","1,432","4,017",110,"6,165","2,039","4,344","4,041",295,"2,532",500,341,736,205,190,"1,650","1,413",95,424,1,29,296,342,"3,512",501,"2,410",296,342,"4,042",501,"2,530",48,422,"1,779","1,284",95,530,120,0,29,59.0,4.0,5.0,0,0,464,314,66,3,4,237,173,0,0,12,0,0,20,0,0,84,163,75,37
1970-01-01 03:00:44,790,297,232,"4,855",411,"9,244",676,"4,087","2,250","3,078","2,250",244,277,239,244,"3,941","2,079","1,474","4,028",109,"6,090","1,953","4,288","3,547",310,"2,357",499,351,609,226,182,"1,612","1,511",68,399,0,35,310,351,"3,084",499,"2,162",310,351,"3,545",499,"2,356",48,399,"1,768","1,355",68,461,194,0,30,47.0,9.0,5.0,0,0,506,260,59,14,3,211,231,0,0,1,0,0,20,0,0,116,180,72,52
1970-01-01 03:00:44,723,255,247,"4,648",406,"9,994",668,"4,890","2,327","3,705","2,098",276,388,277,299,"4,833","2,306","1,346","3,842",133,"6,101","2,125","4,313","3,912",313,"2,712",426,383,575,201,197,"1,781","1,406",61,422,1,24,312,382,"3,404",426,"2,494",312,382,"3,914",426,"2,712",69,423,"1,899","1,288",61,510,218,0,43,43.0,21.0,4.0,0,0,378,292,56,14,4,225,28,0,0,0,0,0,20,0,0,155,148,56,49
1970-01-01 03:00:44,638,243,241,"4,611",411,"9,950",649,"4,814","2,246","3,235","2,273",295,370,274,286,"4,361","2,083","1,564","3,815",202,"6,016","1,999","4,264","3,631",307,"2,580",497,349,512,177,196,"1,791","1,408",89,414,2,19,307,350,"3,266",497,"2,396",307,350,"3,633",497,"2,579",92,419,"1,886","1,313",89,367,183,0,71,21.0,13.0,3.0,0,0,376,213,43,4,2,153,212,0,0,0,0,0,0,0,0,211,129,65,46
1970-01-01 03:00:44,708,266,227,"4,808",446,"10,117",678,"4,864","2,327","3,750","2,150",277,415,292,261,"4,858","1,890","1,579","4,338",114,"6,633","2,180","4,510","3,810",324,"2,778",469,456,531,192,181,"1,792","1,431",71,395,2,16,324,456,"3,276",470,"2,566",324,458,"3,809",470,"2,777",92,404,"1,883","1,340",71,533,211,0,69,49.0,5.0,6.0,0,0,313,135,80,1,4,164,120,0,0,0,0,0,30,0,0,319,178,75,40
1970-01-01 03:00:44,792,296,230,"4,888",484,"10,227",448,"4,917","2,321","4,002","1,971",303,417,290,294,"5,079","1,848","1,269","4,154",112,"6,467","2,202","4,446","3,767",330,"2,659",482,393,636,190,170,"1,664","1,246",63,424,1,15,330,394,"3,266",482,"2,476",330,394,"3,766",482,"2,659",70,430,"1,744","1,166",63,500,183,0,96,42.0,7.0,4.0,0,0,419,125,28,1,5,165,200,19,0,0,0,0,30,0,0,15,159,105,62
1970-01-01 03:00:44,655,302,231,"4,474",458,"9,071",513,"4,633","2,104","3,473","2,007",389,378,262,408,"5,293","1,933","1,148","3,999",118,"6,110","1,993","4,101","3,248",304,"2,440",451,392,478,217,176,"1,450","1,312",76,434,0,23,304,393,"2,839",451,"2,276",304,393,"3,249",451,"2,439",66,438,"1,536","1,226",76,410,163,0,95,38.0,9.0,5.0,0,0,346,188,21,0,5,141,243,38,0,0,0,0,23,0,0,13,178,85,56
1970-01-01 03:00:44,792,341,253,"5,033",420,"10,473",654,"5,225","2,378","3,147","2,573",509,426,291,521,"4,595","2,238","1,513","4,354",117,"6,718","2,246","4,675","3,924",333,"2,841",545,436,600,191,190,"1,589","1,513",83,430,2,25,333,435,"3,343",545,"2,670",333,435,"3,924",545,"2,842",77,434,"1,696","1,406",83,581,172,0,131,31.0,1.0,5.0,0,0,369,164,25,2,4,118,354,0,0,0,0,0,30,0,6,154,193,150,60
1970-01-01 03:00:44,800,347,264,"4,891",460,"10,272",604,"4,981","2,309","3,227","2,521",463,352,281,491,"4,518","2,375","1,323","4,133",136,"6,430","2,160","4,479","3,931",328,"2,910",541,491,620,200,193,"1,533","1,459",95,460,2,26,328,491,"3,380",541,"2,632",328,491,"3,930",541,"2,832",55,467,"1,648","1,344",95,550,278,0,93,26.0,0.0,5.0,0,0,357,326,16,1,4,157,383,0,0,0,0,0,20,0,7,47,178,146,71
1970-01-01 03:00:44,867,361,257,"4,957",507,"10,787",496,"5,205","2,397","3,171","2,669",409,329,227,373,"4,473","2,339","1,401","4,184",121,"6,562","2,256","4,630","3,993",318,"2,898",525,469,691,219,193,"1,519","1,721",131,456,0,29,318,470,"3,517",526,"2,603",318,470,"3,992",526,"2,803",50,454,"1,608","1,632",131,475,293,0,81,43.0,0.0,8.0,0,0,376,254,16,8,9,116,210,0,0,0,0,0,20,0,9,46,177,141,63
1970-01-01 03:00:44,855,288,257,"4,775",502,"10,159",613,"4,883","2,329","3,175","2,068",406,370,281,408,"4,222","1,873","1,196","4,132",146,"6,545","2,266","4,503","3,743",329,"2,839",472,432,721,213,199,"1,510","1,476",103,479,0,29,328,431,"3,266",472,"2,503",328,431,"3,743",472,"2,731",79,478,"1,623","1,334",103,477,336,0,96,37.0,0.0,3.0,0,0,383,235,32,13,13,90,194,0,0,0,0,0,20,0,1,36,133,75,57
1970-01-01 03:00:44,872,379,251,"4,981",508,"10,483",646,"5,123","2,397","3,290","2,010",433,420,294,429,"4,211","1,788","1,266","4,096",119,"6,431","2,217","4,542","3,780",334,"2,969",512,467,676,182,167,"1,639","1,507",107,435,0,23,334,468,"3,301",511,"2,598",334,468,"3,780",511,"2,837",100,433,"1,777","1,319",107,479,370,0,48,30.0,2.0,6.0,0,5,505,341,26,10,0,75,170,0,0,0,0,0,20,0,1,90,196,195,85
1970-01-01 03:00:45,789,310,206,"4,742",498,"10,243",599,"4,940","2,353","3,287","2,114",430,315,217,414,"4,252","1,729","1,414","3,881",150,"6,188","2,156","4,280","3,672",335,"2,810",500,455,694,211,180,"1,629","1,672",110,381,0,32,335,456,"3,230",500,"2,537",335,456,"3,675",500,"2,726",49,379,"1,730","1,521",110,445,270,0,42,18.0,1.0,3.0,0,4,540,354,69,4,7,105,147,0,0,0,0,0,20,0,0,16,97,98,26
1970-01-01 03:00:45,792,316,246,"4,673",461,"9,908",645,"4,811","2,284","3,476","2,098",438,274,287,431,"4,291","1,494","1,701","3,835",117,"6,028","2,076","4,282","3,545",324,"2,660",514,459,641,199,158,"1,517","1,567",110,384,0,23,324,459,"3,081",513,"2,385",324,459,"3,542",513,"2,585",37,381,"1,624","1,418",110,461,274,0,46,25.0,1.0,5.0,0,16,449,184,39,4,4,115,104,0,0,0,0,0,20,0,7,25,152,116,87
1970-01-01 03:00:45,884,332,222,"5,046",508,"10,249",659,"5,228","2,371","4,056","2,262",531,395,299,437,"5,032","1,715","1,758","4,299",172,"6,522","2,050","4,650","3,481",348,"3,015",379,464,733,258,178,"1,677","1,417",151,450,0,44,349,464,"3,020",379,"2,791",349,464,"3,482",379,"2,979",45,448,"1,784","1,269",151,462,223,0,35,15.0,1.0,4.0,0,20,519,235,30,2,0,136,140,0,0,0,0,0,20,0,0,36,152,72,48
1970-01-01 03:00:45,853,312,249,"4,709",496,"10,125",607,"4,897","2,242","4,341","2,027",544,374,288,536,"5,274","1,662","1,502","4,180",119,"6,430","2,129","4,545","3,420",340,"3,111",574,467,729,266,210,"1,803","1,339",104,500,0,45,340,468,"2,973",574,"2,860",340,468,"3,418",574,"3,048",53,497,"1,892","1,200",104,445,253,0,33,55.0,15.0,7.0,0,16,497,232,13,0,3,88,161,0,0,0,0,0,15,0,0,0,125,46,39
1970-01-01 03:00:45,835,326,257,"5,072",504,"10,157",677,"5,077","2,318","3,981","2,163",467,415,295,415,"5,679","1,612","1,609","4,200",136,"6,481","2,144","4,610","3,715",321,"3,094",498,496,740,244,187,"1,646","1,414",124,543,0,69,321,496,"3,236",498,"2,806",321,496,"3,713",498,"3,023",69,541,"1,746","1,314",124,477,287,0,60,45.0,1.0,5.0,0,20,188,268,20,3,9,130,179,0,0,0,0,0,15,0,10,17,96,82,70
1970-01-01 03:00:45,784,284,233,"5,112",514,"10,288",529,"5,127","2,400","4,455","2,260",490,460,296,540,"5,037","1,441","1,725","4,130",122,"6,347","2,096","4,594","4,330",378,"3,456",620,573,661,211,184,"1,607","1,351",78,478,0,24,378,573,"3,816",621,"3,234",378,573,"4,331",621,"3,410",57,476,"1,694","1,264",78,515,222,0,55,65.0,6.0,6.0,0,12,231,460,26,0,6,117,188,0,0,0,0,0,18,0,0,7,124,74,48
1970-01-01 03:00:45,746,294,261,"4,540",456,"9,291",582,"4,709","2,148","3,593","2,061",370,358,267,379,"3,850","1,347","1,545","3,841",140,"5,996","2,025","4,228","3,453",296,"2,797",479,451,580,200,186,"1,343","1,322",84,468,2,13,296,450,"3,015",479,"2,564",296,450,"3,454",479,"2,724",59,468,"1,444","1,221",84,439,234,0,38,45.0,15.0,5.0,0,8,361,354,24,0,5,108,160,0,0,0,0,0,18,0,0,46,166,96,74
1970-01-01 03:00:45,806,318,286,"5,163",529,"10,457",687,"4,866","2,303","4,556","2,363",393,427,297,347,"4,772","1,862","1,523","4,127",138,"6,506","2,251","4,651","4,002",335,"3,293",550,449,595,238,229,"1,684","1,639",129,440,1,35,335,449,"3,664",549,"3,091",335,449,"4,001",549,"3,200",72,440,"1,819","1,639",129,337,202,0,24,99.0,29.0,3.0,0,12,527,293,54,0,0,135,0,0,0,0,0,0,7,0,0,41,213,78,57
1970-01-01 03:00:45,719,321,302,"4,782",502,"9,719",660,"4,699","2,150","4,079","2,435",360,417,286,232,"4,251","2,040","1,634","3,804",117,"6,169","2,257","4,350","3,652",340,"2,767",701,439,581,248,217,"1,401","1,363",110,454,1,30,340,439,"3,654",702,"2,724",340,439,"3,654",702,"2,724",48,454,"1,482","1,363",110,0,42,0,22,53.0,2.0,6.0,0,22,392,118,42,0,0,79,57,0,0,0,0,0,10,0,0,17,140,73,86
1970-01-01 03:00:45,709,315,227,"4,782",519,"9,958",632,"4,731","2,039","4,207","2,577",315,429,242,224,"4,784","2,081","1,472","3,850",130,"6,160","2,189","4,264","3,764",335,"2,565",654,521,562,229,173,"1,314","1,277",89,377,0,35,335,520,"3,701",654,"2,564",335,520,"3,701",654,"2,564",102,375,"1,375","1,277",89,61,0,0,26,25.0,0.0,3.0,0,8,533,132,1,0,0,180,145,0,0,0,0,0,5,0,8,57,147,87,52
1970-01-01 03:00:45,785,255,176,"4,527",449,"8,824",626,"4,411","1,936","4,038","2,534",496,429,284,329,"4,174","1,936","1,407","3,550",122,"5,433","1,771","4,091","3,142",298,"2,282",684,335,580,178,141,"1,460","1,160",89,371,0,53,298,334,"3,140",684,"2,280",298,334,"3,140",684,"2,280",48,371,"1,460","1,160",89,0,0,2,13,82.0,0.0,4.0,0,4,500,52,36,0,0,94,206,0,0,0,0,0,5,0,0,55,201,79,33
1970-01-01 03:00:45,850,253,194,"4,744",451,"8,688",664,"3,769","2,027","3,826","2,274",476,435,285,428,"3,843","1,761","1,453","3,748",121,"5,796","1,937","4,164","3,204",320,"2,129",653,440,751,208,172,"1,351","1,116",103,399,0,33,320,438,"3,205",653,"2,127",320,438,"3,205",653,"2,127",87,399,"1,351","1,116",103,0,0,0,22,128.0,3.0,5.0,0,0,488,8,37,5,0,196,212,0,0,0,0,0,25,0,0,67,98,45,22
1970-01-01 03:00:45,933,259,208,"4,736",558,"9,097",567,"3,874","2,122","4,139","2,331",442,350,213,375,"4,398","1,920","1,555","3,738",113,"5,818","1,980","4,398","3,548",331,"2,827",640,509,810,184,181,"1,221","1,320",135,451,7,186,331,509,"3,549",640,"2,828",331,509,"3,549",640,"2,828",171,450,"1,221","1,320",135,0,0,0,19,101.0,8.0,8.0,0,48,625,71,61,1,0,128,140,0,0,0,0,0,25,0,0,123,122,76,26
1970-01-01 03:00:45,871,265,182,"4,433",502,"8,704",622,"3,885","2,118","3,643","2,785",661,318,200,461,"4,362","1,877","2,461","3,657",149,"5,609","1,812","4,201","3,172",305,"2,643",455,442,726,208,169,"1,414","1,071",159,401,13,115,305,442,"3,171",456,"2,624",305,442,"3,171",456,"2,624",148,401,"1,414","1,071",159,0,20,0,13,135.0,7.0,10.0,0,49,634,173,34,0,0,90,99,0,0,0,0,0,25,0,0,20,146,56,14
1970-01-01 03:00:45,928,253,248,"4,305",439,"9,171",655,"4,141","2,034","4,535","2,719",430,260,213,375,"5,381","1,920","1,555","3,600",128,"5,682","1,962","4,219","3,157",281,"2,916",576,485,733,179,232,"1,388","1,209",142,383,3,155,281,485,"3,084",576,"2,876",281,485,"3,084",576,"2,876",101,383,"1,388","1,209",142,71,40,0,0,92.0,10.0,14.0,0,51,690,252,38,0,0,65,150,0,0,0,0,0,22,0,0,36,94,72,14
1970-01-01 03:00:45,616,242,197,"4,296",532,"8,848",598,"4,292","2,012","4,247","3,080",595,392,206,450,"4,697","1,820","1,895","3,700",142,"5,619","1,785","4,228","3,319",307,"3,021",596,460,496,164,182,"1,317","1,437",137,344,3,82,307,459,"3,240",596,"2,997",307,459,"3,240",596,"2,997",188,344,"1,317","1,437",137,76,25,0,4,87.0,2.0,14.0,0,49,493,106,22,0,0,84,207,0,0,0,0,0,14,0,0,32,122,77,15
1970-01-01 03:00:45,699,286,189,"4,280",438,"8,750",607,"4,386","1,985","3,968","2,463",890,420,214,400,"5,179","1,482","2,092","3,743",117,"5,681","1,830","4,321","3,222",308,"2,980",534,438,555,159,176,"1,292","1,526",151,397,3,83,308,438,"3,105",534,"2,957",308,438,"3,105",534,"2,292",156,397,"1,292","1,526",151,119,25,0,0,106.0,4.0,19.0,0,44,484,247,15,0,0,222,30,0,0,0,0,0,20,0,10,27,141,124,13
1970-01-01 03:00:45,694,203,207,"4,709",479,"9,411",495,"4,444","2,107","3,428","2,328",812,442,214,550,"4,762","1,635","1,759","4,027",122,"6,096","1,953","4,492","3,368",314,"3,095",569,431,573,160,0,"1,316","1,183",124,463,1,56,314,430,"3,249",569,"3,065",314,430,"3,249",569,"3,065",148,463,"1,316","1,183",124,117,30,0,8,90.0,8.0,11.0,0,0,407,22,26,0,0,164,220,0,0,0,0,0,25,0,5,35,121,43,18
