date,CHMF_price,CHMF_volume,CHMF_change_price,MAGN_price,MAGN_volume,MAGN_change_price,NLMK_price,NLMK_volume,NLMK_change_price
2019-01-03,934.2,601.71K,-0.92%,4298.0,"3,59M","-0,14%",157.34,2.90M,-0.05%
2019-01-04,949.7,335.53K,1.66%,4337.0,"5,64M","0,91%",155.68,2.91M,-1.06%
2019-01-08,952.7,565.63K,0.32%,4316.0,"7,33M","-0,48%",150.12,3.12M,-3.57%
2019-01-09,972.6,1.03M,2.09%,4480.0,"12,20M","3,80%",153.78,4.03M,2.44%
2019-01-10,970.0,725.45K,-0.27%,4495.0,"9,15M","0,33%",154.12,1.96M,0.22%
2019-01-11,972.5,709.80K,0.26%,4560.0,"7,14M","1,45%",154.5,2.98M,0.25%
2019-01-14,960.5,557.87K,-1.23%,4497.0,"6,48M","-1,38%",152.22,2.58M,-1.48%
2019-01-15,954.8,550.38K,-0.59%,4368.0,"13,19M","-2,87%",150.58,3.22M,-1.08%
2019-01-16,953.1,510.33K,-0.18%,4372.0,"11,81M","0,09%",150.62,3.17M,0.03%
2019-01-17,953.2,656.13K,0.01%,4360.0,"8,84M","-0,27%",151.5,2.51M,0.58%
2019-01-18,954.8,425.58K,0.17%,4438.0,"8,62M","1,79%",152.14,1.73M,0.42%
2019-01-21,950.0,273.22K,-0.50%,4467.0,"3,50M","0,65%",151.72,1.33M,-0.28%
2019-01-22,952.3,416.31K,0.24%,4398.0,"9,23M","-1,54%",149.9,4.29M,-1.20%
2019-01-23,945.8,414.11K,-0.68%,4450.0,"6,50M","1,18%",149.08,4.30M,-0.55%
2019-01-24,926.0,953.22K,-2.09%,4458.0,"9,28M","0,18%",146.74,5.50M,-1.57%
2019-01-25,951.0,675.03K,2.70%,4499.0,"8,66M","0,92%",148.82,2.65M,1.42%
2019-01-28,952.5,438.97K,0.16%,4510.0,"6,87M","0,24%",149.78,2.20M,0.65%
2019-01-29,956.9,491.12K,0.46%,4467.0,"7,44M","-0,95%",150.68,2.73M,0.60%
2019-01-30,976.2,952.44K,2.02%,4374.0,"16,54M","-2,08%",153.14,4.36M,1.63%
2019-01-31,998.5,1.96M,2.28%,4330.0,"10,06M","-1,01%",152.02,5.66M,-0.73%
2019-02-01,1014.8,1.14M,1.63%,4373.0,"6,65M","0,99%",157.2,6.05M,3.41%
2019-02-04,1029.0,1.10M,1.40%,4384.0,"4,93M","0,25%",158.42,3.40M,0.78%
2019-02-05,1028.8,1.13M,-0.02%,4409.0,"6,41M","0,57%",158.46,2.48M,0.03%
2019-02-06,1019.0,935.56K,-0.95%,4460.0,"9,35M","1,16%",160.42,3.13M,1.24%
2019-02-07,1026.0,755.92K,0.69%,4395.0,"7,93M","-1,46%",159.0,5.05M,-0.89%
2019-02-08,1022.2,460.57K,-0.37%,4331.0,"7,16M","-1,46%",157.34,2.67M,-1.04%
2019-02-11,1031.4,731.29K,0.90%,4325.0,"8,15M","-0,14%",157.64,2.47M,0.19%
2019-02-12,1035.0,499.62K,0.35%,4338.0,"10,33M","0,30%",157.4,2.34M,-0.15%
2019-02-13,1011.8,830.64K,-2.24%,4242.0,"14,59M","-2,21%",154.86,2.98M,-1.61%
2019-02-14,1014.0,847.19K,0.22%,4303.0,"15,53M","1,44%",154.86,3.61M,0.00%
2019-02-15,1024.2,436.54K,1.01%,4319.0,"7,07M","0,37%",157.24,2.62M,1.54%
2019-02-18,1013.0,373.28K,-1.09%,4294.0,"3,35M","-0,58%",154.86,2.06M,-1.51%
2019-02-19,999.0,340.96K,-1.38%,4291.0,"3,83M","-0,07%",153.92,2.42M,-0.61%
2019-02-20,1007.8,696.29K,0.88%,4300.0,"8,94M","0,21%",156.48,2.94M,1.66%
2019-02-21,992.4,622.77K,-1.53%,4300.0,"5,79M","0,00%",155.94,1.95M,-0.35%
2019-02-22,1001.6,464.41K,0.93%,4380.0,"8,88M","1,86%",158.5,2.27M,1.64%
2019-02-25,1029.8,929.28K,2.82%,4470.0,"11,34M","2,05%",159.44,2.67M,0.59%
2019-02-26,1035.0,530.15K,0.50%,4499.0,"7,04M","0,65%",158.86,1.88M,-0.36%
2019-02-27,1033.4,508.44K,-0.15%,4440.0,"11,87M","-1,31%",158.62,2.35M,-0.15%
2019-02-28,1028.8,776.03K,-0.45%,4450.0,"14,53M","0,23%",158.44,2.13M,-0.11%
2019-03-01,1029.0,445.48K,0.02%,4409.0,"10,53M","-0,92%",157.74,1.90M,-0.44%
2019-03-04,1041.6,1.12M,1.22%,4397.0,"2,09M","-0,27%",162.04,5.55M,2.73%
2019-03-05,1033.4,815.17K,-0.79%,4350.0,"4,22M","-1,07%",166.18,7.76M,2.55%
2019-03-06,1029.6,433.88K,-0.37%,4375.0,"4,87M","0,57%",165.36,3.49M,-0.49%
2019-03-07,1020.8,365.55K,-0.85%,4350.0,"2,52M","-0,57%",165.5,2.62M,0.08%
2019-03-11,1025.8,343.64K,0.49%,4421.0,"9,71M","1,63%",163.44,3.87M,-1.24%
2019-03-12,1021.6,436.49K,-0.41%,4465.0,"5,44M","1,00%",163.32,2.07M,-0.07%
2019-03-13,1014.0,572.05K,-0.74%,4497.0,"7,53M","0,72%",166.9,4.48M,2.19%
2019-03-14,1007.8,452.15K,-0.61%,4519.0,"9,02M","0,49%",166.38,3.48M,-0.31%
2019-03-15,1036.8,2.08M,2.88%,4530.0,"31,81M","0,24%",167.7,3.45M,0.79%
2019-03-18,1034.2,1.10M,-0.25%,4633.0,"9,84M","2,27%",170.7,3.27M,1.79%
2019-03-19,1019.8,1.01M,-1.39%,4556.0,"7,66M","-1,66%",169.3,4.37M,-0.82%
2019-03-20,1013.4,649.02K,-0.63%,4505.0,"6,75M","-1,12%",167.62,2.83M,-0.99%
2019-03-21,1017.2,595.96K,0.37%,4526.0,"7,83M","0,47%",168.64,3.50M,0.61%
2019-03-22,1013.6,401.80K,-0.35%,4474.0,"4,69M","-1,15%",166.7,3.69M,-1.15%
2019-03-25,1008.4,424.93K,-0.51%,4515.0,"5,39M","0,92%",165.6,1.82M,-0.66%
2019-03-26,1014.8,275.95K,0.63%,4520.0,"4,97M","0,11%",167.88,2.60M,1.38%
2019-03-27,1006.0,306.48K,-0.87%,4462.0,"5,64M","-1,28%",167.3,2.19M,-0.35%
2019-03-28,1027.8,733.45K,2.17%,4512.0,"3,69M","1,12%",170.2,3.22M,1.73%
2019-03-29,1028.0,752.28K,0.02%,4590.0,"5,70M","1,73%",170.5,2.71M,0.18%
2019-04-01,1028.2,626.23K,0.02%,4597.0,"6,03M","0,15%",172.58,2.97M,1.22%
2019-04-02,1041.8,575.60K,1.32%,4537.0,"4,58M","-1,31%",174.7,2.59M,1.23%
2019-04-03,1058.4,750.10K,1.59%,4541.0,"3,91M","0,09%",172.82,2.47M,-1.08%
2019-04-04,1052.0,558.29K,-0.60%,4525.0,"3,87M","-0,35%",174.0,1.97M,0.68%
2019-04-05,1043.2,308.91K,-0.84%,4484.0,"3,59M","-0,91%",173.98,1.37M,-0.01%
2019-04-08,1043.0,410.90K,-0.02%,4509.0,"3,86M","0,56%",174.52,2.49M,0.31%
2019-04-09,1044.0,717.16K,0.10%,4506.0,"3,95M","-0,07%",172.48,2.28M,-1.17%
2019-04-10,1034.4,865.74K,-0.92%,4442.0,"5,17M","-1,42%",172.66,1.80M,0.10%
2019-04-11,1023.6,465.00K,-1.04%,4409.0,"4,40M","-0,74%",168.4,3.16M,-2.47%
2019-04-12,1039.2,592.89K,1.52%,4446.0,"7,83M","0,84%",172.34,6.66M,2.34%
2019-04-15,1038.0,448.56K,-0.12%,4400.0,"4,26M","-1,03%",168.5,2.60M,-2.23%
2019-04-16,1046.6,521.03K,0.83%,4397.0,"3,61M","-0,07%",172.7,2.70M,2.49%
2019-04-17,1037.0,778.05K,-0.92%,4420.0,"4,49M","0,52%",171.4,1.51M,-0.75%
2019-04-18,1035.4,473.09K,-0.15%,4422.0,"1,89M","0,05%",173.26,1.18M,1.09%
2019-04-19,1047.6,207.31K,1.18%,4422.0,"731,50K","0,00%",174.3,718.48K,0.60%
2019-04-22,1054.0,186.69K,0.61%,4420.0,"984,00K","-0,05%",174.58,743.32K,0.16%
2019-04-23,1040.4,904.50K,-1.29%,4409.0,"1,93M","-0,25%",171.5,3.92M,-1.76%
2019-04-24,1053.0,567.70K,1.21%,4404.0,"3,74M","-0,11%",170.38,3.84M,-0.65%
2019-04-25,1045.0,576.82K,-0.76%,4404.0,"2,84M","0,00%",170.32,2.89M,-0.04%
2019-04-26,1059.4,545.11K,1.38%,4450.0,"3,30M","1,04%",174.4,3.28M,2.40%
2019-04-29,1058.0,364.55K,-0.13%,4416.0,"1,64M","-0,76%",170.96,3.05M,-1.97%
2019-04-30,1045.2,582.55K,-1.21%,4420.0,"8,33M","0,09%",171.1,3.29M,0.08%
2019-05-02,1053.6,421.52K,0.80%,4487.0,"6,13M","1,52%",175.08,6.16M,2.33%
2019-05-03,1055.0,852.05K,0.13%,4525.0,"5,09M","0,85%",169.5,3.00M,-3.19%
2019-05-06,1032.6,464.39K,-2.12%,4570.0,"3,59M","0,99%",170.36,2.05M,0.51%
2019-05-07,1034.0,773.82K,0.14%,4592.0,"6,20M","0,48%",171.0,3.01M,0.38%
2019-05-08,1028.4,429.32K,-0.54%,4463.0,"6,41M","-2,81%",168.64,3.49M,-1.38%
2019-05-10,998.6,1.50M,-2.90%,4316.0,"15,84M","-3,29%",162.58,4.42M,-3.59%
2019-05-13,988.0,782.78K,-1.06%,4335.0,"5,35M","0,44%",159.5,3.13M,-1.89%
2019-05-14,980.0,896.28K,-0.81%,4321.0,"6,26M","-0,32%",158.68,3.59M,-0.51%
2019-05-15,976.0,738.68K,-0.41%,4312.0,"5,52M","-0,21%",158.52,2.77M,-0.10%
2019-05-16,972.2,704.80K,-0.39%,4341.0,"4,35M","0,67%",158.58,2.44M,0.04%
2019-05-17,973.2,651.32K,0.10%,4292.0,"4,67M","-1,13%",156.42,2.63M,-1.36%
2019-05-20,978.6,718.24K,0.55%,4414.0,"7,02M","2,84%",157.78,1.95M,0.87%
2019-05-21,995.8,924.11K,1.76%,4425.0,"5,69M","0,25%",161.2,3.15M,2.17%
2019-05-22,1008.4,988.21K,1.27%,4499.0,"7,30M","1,67%",162.5,4.44M,0.81%
2019-05-23,996.0,617.20K,-1.23%,4420.0,"5,06M","-1,76%",160.6,3.37M,-1.17%
2019-05-24,998.2,627.49K,0.22%,4390.0,"9,24M","-0,68%",164.0,4.72M,2.12%
2019-05-27,1002.2,163.49K,0.40%,4422.0,"3,52M","0,73%",164.86,1.19M,0.52%
2019-05-28,1029.8,1.60M,2.75%,4483.0,"14,43M","1,38%",171.5,9.05M,4.03%
2019-05-29,1039.0,629.58K,0.89%,4484.0,"6,34M","0,02%",170.78,2.90M,-0.42%
2019-05-30,1048.2,709.70K,0.89%,4467.0,"7,47M","-0,38%",172.88,3.36M,1.23%
2019-05-31,1036.4,680.75K,-1.13%,4466.0,"7,20M","-0,02%",172.32,2.48M,-0.32%
2019-06-03,1040.0,697.69K,0.35%,4484.0,"5,24M","0,40%",173.0,2.75M,0.39%
2019-06-04,1043.8,920.35K,0.37%,4462.0,"12,45M","-0,49%",172.24,2.41M,-0.44%
2019-06-05,1033.4,382.42K,-1.00%,4465.0,"5,83M","0,07%",170.54,2.87M,-0.99%
2019-06-06,1048.8,661.31K,1.49%,4525.0,"9,03M","1,34%",173.66,2.28M,1.83%
2019-06-07,1050.0,625.64K,0.11%,4560.0,"8,86M","0,77%",172.52,1.69M,-0.66%
2019-06-10,1060.0,484.93K,0.95%,4544.0,"8,78M","-0,35%",173.22,1.51M,0.41%
2019-06-11,1084.8,1.04M,2.34%,4605.0,"11,37M","1,34%",178.02,3.90M,2.77%
2019-06-13,1106.0,1.23M,1.95%,4660.0,"12,46M","1,19%",182.0,5.90M,2.24%
2019-06-14,1121.0,1.47M,1.36%,4665.0,"10,48M","0,11%",183.2,5.11M,0.66%
2019-06-17,1059.6,1.40M,-5.48%,4581.0,"12,06M","-1,80%",182.0,5.77M,-0.66%
2019-06-18,1081.4,1.03M,2.06%,4700.0,"11,08M","2,60%",175.54,6.05M,-3.55%
2019-06-19,1083.8,718.82K,0.22%,4640.0,"12,42M","-1,28%",173.16,3.95M,-1.36%
2019-06-20,1099.2,1.23M,1.42%,4508.0,"11,87M","-2,84%",171.38,8.64M,-1.03%
2019-06-21,1097.4,781.84K,-0.16%,4468.0,"7,20M","-0,89%",171.7,5.85M,0.19%
2019-06-24,1083.0,467.01K,-1.31%,4537.0,"6,02M","1,54%",168.0,4.57M,-2.15%
2019-06-25,1095.4,300.14K,1.14%,4574.0,"6,01M","0,82%",170.96,6.13M,1.76%
2019-06-26,1094.0,691.69K,-0.13%,4558.0,"7,86M","-0,35%",167.0,5.99M,-2.32%
2019-06-27,1087.6,437.88K,-0.59%,4518.0,"4,51M","-0,88%",170.5,4.28M,2.10%
2019-06-28,1067.6,736.68K,-1.84%,4498.0,"6,30M","-0,44%",159.7,25.12M,-6.33%
2019-07-01,1070.8,641.65K,0.30%,4510.0,"4,22M","0,27%",159.0,6.04M,-0.44%
2019-07-02,1075.0,829.64K,0.39%,4516.0,"4,78M","0,13%",160.38,5.41M,0.87%
2019-07-03,1078.4,607.12K,0.32%,4506.0,"3,29M","-0,22%",157.68,10.65M,-1.68%
2019-07-04,1065.0,568.66K,-1.24%,4408.0,"19,89M","-2,17%",157.3,8.79M,-0.24%
2019-07-05,1051.8,605.41K,-1.24%,4462.0,"15,95M","1,23%",156.82,4.50M,-0.31%
2019-07-08,1066.0,607.71K,1.35%,4476.0,"7,53M","0,31%",158.52,5.42M,1.08%
2019-07-09,1071.4,423.77K,0.51%,4450.0,"5,90M","-0,58%",157.6,6.70M,-0.58%
2019-07-10,1079.4,699.81K,0.75%,4467.0,"8,35M","0,38%",155.64,9.23M,-1.24%
2019-07-11,1054.2,744.58K,-2.33%,4463.0,"5,08M","-0,09%",152.5,7.62M,-2.02%
2019-07-12,1044.4,761.94K,-0.93%,4442.0,"2,86M","-0,47%",151.92,5.01M,-0.38%
2019-07-15,1043.6,423.67K,-0.08%,4417.0,"5,49M","-0,56%",154.1,5.92M,1.43%
2019-07-16,1049.4,609.95K,0.56%,4377.0,"8,25M","-0,91%",156.0,7.26M,1.23%
2019-07-17,1054.6,274.57K,0.50%,4411.0,"6,01M","0,78%",156.38,4.24M,0.24%
2019-07-18,1063.8,865.87K,0.87%,4405.0,"4,76M","-0,14%",155.96,4.74M,-0.27%
2019-07-19,1043.4,594.13K,-1.92%,4448.0,"6,30M","0,98%",155.54,5.14M,-0.27%
2019-07-22,1056.0,352.92K,1.21%,4476.0,"3,59M","0,63%",155.7,2.98M,0.10%
2019-07-23,1051.0,458.36K,-0.47%,4458.0,"3,60M","-0,40%",156.14,2.26M,0.28%
2019-07-24,1033.8,573.47K,-1.64%,4415.0,"3,66M","-0,96%",154.48,3.68M,-1.06%
2019-07-25,1038.8,691.96K,0.48%,4400.0,"5,22M","-0,34%",154.18,2.37M,-0.19%
2019-07-26,1026.8,544.64K,-1.16%,4351.0,"7,30M","-1,11%",151.8,4.74M,-1.54%
2019-07-29,1029.0,264.59K,0.21%,4335.0,"6,82M","-0,37%",151.48,5.67M,-0.21%
2019-07-30,1024.0,552.71K,-0.49%,4312.0,"5,24M","-0,53%",150.48,4.05M,-0.66%
2019-07-31,1028.8,398.38K,0.47%,4288.0,"10,92M","-0,56%",150.9,4.56M,0.28%
2019-08-01,1019.0,342.33K,-0.95%,4230.0,"15,37M","-1,35%",149.82,6.16M,-0.72%
2019-08-02,1000.4,923.51K,-1.83%,4034.0,"24,75M","-4,63%",147.22,6.74M,-1.74%
2019-08-05,992.0,1.29M,-0.84%,4005.0,"16,81M","-0,72%",145.54,4.41M,-1.14%
2019-08-06,989.0,1.48M,-0.30%,4045.0,"18,69M","1,00%",144.8,4.64M,-0.51%
2019-08-07,987.2,819.61K,-0.18%,3980.0,"9,36M","-1,61%",144.88,4.22M,0.06%
2019-08-08,989.2,606.05K,0.20%,4020.0,"7,27M","1,01%",144.58,3.07M,-0.21%
2019-08-09,970.6,1.13M,-1.88%,4033.0,"10,94M","0,32%",142.46,4.71M,-1.47%
2019-08-12,969.6,695.70K,-0.10%,4009.0,"4,76M","-0,60%",143.5,3.62M,0.73%
2019-08-13,954.0,1.14M,-1.61%,3900.0,"16,63M","-2,72%",141.8,4.52M,-1.18%
2019-08-14,947.4,1.39M,-0.69%,3948.0,"20,02M","1,23%",141.38,7.50M,-0.30%
2019-08-15,943.0,1.04M,-0.46%,3822.0,"9,82M","-3,19%",139.34,5.49M,-1.44%
2019-08-16,928.4,792.84K,-1.55%,3838.0,"8,71M","0,42%",138.3,3.77M,-0.75%
2019-08-19,946.0,1.25M,1.90%,3831.0,"7,46M","-0,18%",139.9,4.27M,1.16%
2019-08-20,957.4,1.08M,1.21%,3812.0,"12,72M","-0,50%",140.0,3.25M,0.07%
2019-08-21,954.2,496.61K,-0.33%,3844.0,"8,75M","0,84%",141.24,3.80M,0.89%
2019-08-22,944.0,714.38K,-1.07%,3877.0,"7,61M","0,86%",140.76,4.48M,-0.34%
2019-08-23,946.0,618.92K,0.21%,3890.0,"6,21M","0,34%",142.4,4.60M,1.17%
2019-08-26,947.0,400.37K,0.11%,3895.0,"6,37M","0,13%",142.14,1.98M,-0.18%
2019-08-27,953.0,1.07M,0.63%,3967.0,"13,58M","1,85%",143.26,7.46M,0.79%
2019-08-28,958.8,1.06M,0.61%,4030.0,"9,35M","1,59%",143.56,3.93M,0.21%
2019-08-29,979.0,926.75K,2.11%,4073.0,"11,27M","1,07%",146.3,5.40M,1.91%
2019-08-30,1002.8,1.29M,2.43%,4184.0,"13,69M","2,73%",148.84,5.17M,1.74%
2019-09-02,1003.0,870.52K,0.02%,4119.0,"6,69M","-1,55%",147.7,3.80M,-0.77%
2019-09-03,990.6,1.09M,-1.24%,4080.0,"5,72M","-0,95%",144.0,6.86M,-2.51%
2019-09-04,986.6,910.20K,-0.40%,4107.0,"13,65M","0,66%",144.0,6.13M,0.00%
2019-09-05,1001.6,1.08M,1.52%,4148.0,"6,87M","1,00%",145.44,4.87M,1.00%
2019-09-06,992.8,712.85K,-0.88%,4142.0,"8,47M","-0,14%",146.66,4.33M,0.84%
2019-09-09,998.2,681.74K,0.54%,4108.0,"8,32M","-0,82%",149.0,5.54M,1.60%
2019-09-10,1005.0,878.75K,0.68%,4145.0,"8,25M","0,90%",148.98,3.17M,-0.01%
2019-09-11,1022.0,1.16M,1.69%,4190.0,"12,50M","1,09%",149.96,4.43M,0.66%
2019-09-12,1018.6,1.01M,-0.33%,4147.0,"12,09M","-1,03%",147.76,6.16M,-1.47%
2019-09-13,1014.0,1.20M,-0.45%,4131.0,"7,75M","-0,39%",148.46,4.37M,0.47%
2019-09-16,1000.0,1.38M,-1.38%,4156.0,"7,86M","0,61%",148.9,4.96M,0.30%
2019-09-17,998.8,807.54K,-0.12%,4135.0,"5,43M","-0,51%",149.18,5.97M,0.19%
2019-09-18,986.8,978.84K,-1.20%,4114.0,"6,55M","-0,51%",146.96,8.05M,-1.49%
2019-09-19,967.0,1.72M,-2.01%,4138.0,"8,36M","0,58%",144.68,9.01M,-1.55%
2019-09-20,965.0,1.12M,-0.21%,4056.0,"8,99M","-1,98%",144.7,7.24M,0.01%
2019-09-23,954.6,818.04K,-1.08%,4040.0,"5,96M","-0,39%",142.4,6.23M,-1.59%
2019-09-24,942.2,1.41M,-1.30%,3974.0,"6,71M","-1,63%",142.68,3.73M,0.20%
2019-09-25,945.0,1.04M,0.30%,3933.0,"10,95M","-1,03%",141.08,6.04M,-1.12%
2019-09-26,950.8,673.77K,0.61%,3951.0,"7,16M","0,46%",141.68,3.23M,0.43%
2019-09-27,944.4,512.30K,-0.67%,3920.0,"4,60M","-0,78%",141.98,2.92M,0.21%
2019-09-30,933.2,968.68K,-1.19%,3916.0,"6,63M","-0,10%",142.22,3.70M,0.17%
2019-10-01,923.8,1.32M,-1.01%,3870.0,"8,23M","-1,17%",140.6,4.26M,-1.14%
2019-10-02,901.6,1.72M,-2.40%,3770.0,"9,61M","-2,58%",136.5,11.48M,-2.92%
2019-10-03,882.2,2.29M,-2.15%,3680.0,"22,27M","-2,39%",134.0,11.60M,-1.83%
2019-10-04,876.8,1.44M,-0.61%,3700.0,"15,28M","0,54%",131.88,8.52M,-1.58%
2019-10-07,880.0,1.59M,0.36%,3700.0,"7,61M","0,00%",131.42,8.41M,-0.35%
2019-10-08,878.8,1.53M,-0.14%,3702.0,"4,74M","0,05%",131.58,6.70M,0.12%
2019-10-09,873.0,1.02M,-0.66%,3653.0,"9,89M","-1,32%",128.0,7.52M,-2.72%
2019-10-10,894.0,983.00K,2.41%,3729.0,"11,25M","2,08%",130.94,5.51M,2.30%
2019-10-11,893.4,1.15M,-0.07%,3761.0,"22,39M","0,86%",130.04,4.01M,-0.69%
2019-10-14,881.0,693.82K,-1.39%,3662.0,"12,41M","-2,63%",129.06,5.11M,-0.75%
2019-10-15,871.4,1.71M,-1.09%,3620.0,"13,88M","-1,15%",125.52,10.40M,-2.74%
2019-10-16,887.0,1.11M,1.79%,3698.0,"10,46M","2,15%",128.56,5.64M,2.42%
2019-10-17,894.0,1.05M,0.79%,3720.0,"8,48M","0,59%",129.4,4.29M,0.65%
2019-10-18,881.0,2.42M,-1.45%,3656.0,"7,75M","-1,72%",128.8,5.07M,-0.46%
2019-10-21,871.0,1.29M,-1.14%,3599.0,"7,98M","-1,56%",126.6,6.41M,-1.71%
2019-10-22,878.0,1.11M,0.80%,3682.0,"9,89M","2,31%",126.62,5.22M,0.02%
2019-10-23,876.0,1.01M,-0.23%,3630.0,"11,21M","-1,41%",126.0,5.79M,-0.49%
2019-10-24,877.2,975.29K,0.14%,3620.0,"9,08M","-0,28%",125.0,7.56M,-0.79%
2019-10-25,878.4,1.15M,0.14%,3555.0,"11,96M","-1,80%",123.42,9.69M,-1.26%
2019-10-28,886.0,1.38M,0.87%,3617.0,"10,65M","1,74%",124.46,5.69M,0.84%
2019-10-29,903.4,1.21M,1.96%,3730.0,"11,04M","3,12%",129.2,8.66M,3.81%
2019-10-30,895.0,1.10M,-0.93%,3690.0,"10,48M","-1,07%",127.5,4.51M,-1.32%
2019-10-31,882.2,1.29M,-1.43%,3653.0,"26,46M","-1,00%",125.04,7.91M,-1.93%
2019-11-01,893.2,631.55K,1.25%,3707.0,"7,83M","1,48%",126.14,5.16M,0.88%
2019-11-05,914.0,1.56M,2.33%,3728.0,"8,47M","0,57%",129.02,7.20M,2.28%
2019-11-06,923.6,1.62M,1.05%,3849.0,"13,63M","3,25%",131.2,8.40M,1.69%
2019-11-07,931.2,1.81M,0.82%,3924.0,"18,24M","1,95%",133.22,8.79M,1.54%
2019-11-08,909.6,2.35M,-2.32%,3859.0,"9,87M","-1,66%",131.04,6.21M,-1.64%
2019-11-11,895.0,1.91M,-1.61%,3810.0,"10,57M","-1,27%",128.94,5.46M,-1.60%
2019-11-12,900.0,1.40M,0.56%,3860.0,"10,42M","1,31%",129.3,3.70M,0.28%
2019-11-13,889.8,1.28M,-1.13%,3833.0,"11,01M","-0,70%",129.2,3.99M,-0.08%
2019-11-14,880.8,1.66M,-1.01%,3720.0,"24,15M","-2,95%",125.94,7.80M,-2.52%
2019-11-15,881.4,1.06M,0.07%,3798.0,"10,91M","2,10%",126.64,4.46M,0.56%
2019-11-18,884.0,1.27M,0.29%,3794.0,"10,55M","-0,11%",126.72,4.68M,0.06%
2019-11-19,904.6,1.94M,2.33%,3832.0,"7,52M","1,00%",128.58,5.15M,1.47%
2019-11-20,903.0,1.20M,-0.18%,3835.0,"9,49M","0,08%",128.26,3.35M,-0.25%
2019-11-21,895.6,1.24M,-0.82%,3788.0,"7,27M","-1,23%",126.48,5.67M,-1.39%
2019-11-22,901.8,886.85K,0.69%,3825.0,"7,04M","0,98%",127.82,3.54M,1.06%
2019-11-25,917.0,1.66M,1.69%,3888.0,"8,99M","1,65%",130.9,5.45M,2.41%
2019-11-26,909.6,2.55M,-0.81%,3865.0,"17,65M","-0,59%",128.18,11.58M,-2.08%
2019-11-27,911.2,798.35K,0.18%,3863.0,"8,15M","-0,05%",127.8,4.70M,-0.30%
2019-11-28,907.8,838.13K,-0.37%,3904.0,"8,35M","1,06%",128.3,3.48M,0.39%
2019-11-29,908.0,1.73M,0.02%,3898.0,"12,09M","-0,15%",129.42,3.45M,0.87%
2019-12-02,885.0,2.00M,-2.53%,3944.0,"9,16M","1,18%",131.52,12.20M,1.62%
2019-12-03,874.6,1.27M,-1.18%,3816.0,"16,02M","-3,25%",128.04,10.87M,-2.65%
2019-12-04,875.4,965.42K,0.09%,3810.0,"12,97M","-0,16%",128.86,3.30M,0.64%
2019-12-05,880.8,992.26K,0.62%,3876.0,"14,21M","1,73%",131.8,10.99M,2.28%
2019-12-06,883.0,627.74K,0.25%,3906.0,"10,32M","0,77%",133.0,5.36M,0.91%
2019-12-09,891.6,775.75K,0.97%,3925.0,"7,68M","0,49%",132.84,4.11M,-0.12%
2019-12-10,888.8,1.27M,-0.31%,3906.0,"11,84M","-0,48%",132.8,4.59M,-0.03%
2019-12-11,896.6,958.76K,0.88%,3978.0,"24,41M","1,84%",133.9,7.40M,0.83%
2019-12-12,901.0,1.35M,0.49%,4060.0,"17,15M","2,06%",135.46,7.87M,1.17%
2019-12-13,918.4,1.50M,1.93%,4160.0,"19,28M","2,46%",137.9,12.89M,1.80%
2019-12-16,923.0,1.02M,0.50%,4151.0,"12,79M","-0,22%",139.16,7.70M,0.91%
2019-12-17,930.0,1.27M,0.76%,4162.0,"12,20M","0,26%",139.4,7.79M,0.17%
2019-12-18,928.6,917.98K,-0.15%,4102.0,"21,00M","-1,44%",139.9,6.00M,0.36%
2019-12-19,928.4,1.13M,-0.02%,4102.0,"9,76M","0,00%",141.38,11.45M,1.06%
2019-12-20,926.4,567.19K,-0.22%,4080.0,"8,10M","-0,54%",142.46,5.50M,0.76%
2019-12-23,930.0,581.72K,0.39%,4112.0,"8,50M","0,78%",142.54,3.81M,0.06%
2019-12-24,927.4,388.53K,-0.28%,4106.0,"2,71M","-0,15%",141.96,1.68M,-0.41%
2019-12-25,926.2,185.21K,-0.13%,4115.0,"2,56M","0,22%",141.8,1.21M,-0.11%
2019-12-26,929.4,262.21K,0.35%,4141.0,"4,17M","0,63%",143.02,2.41M,0.86%
2019-12-27,938.2,692.38K,0.95%,4212.0,"7,52M","1,71%",143.42,3.66M,0.28%
2019-12-30,937.6,477.44K,-0.06%,4195.0,"8,12M","-0,40%",143.72,3.60M,0.21%
2020-01-03,945.8,572.09K,0.87%,4255.0,"7,27M","1,43%",144.5,4.58M,0.54%
2020-01-06,929.0,737.79K,-1.78%,4230.0,"6,51M","-0,59%",141.94,6.60M,-1.77%
2020-01-08,927.2,677.14K,-0.19%,4228.0,"9,92M","-0,05%",139.5,9.33M,-1.72%
2020-01-09,928.2,1.03M,0.11%,4275.0,"14,13M","1,11%",141.96,10.11M,1.76%
2020-01-10,937.4,461.42K,0.99%,4334.0,"15,26M","1,38%",143.62,9.44M,1.17%
2020-01-13,960.2,1.33M,2.43%,4461.0,"30,40M","2,93%",146.84,7.15M,2.24%
2020-01-14,967.8,1.74M,0.79%,4428.0,"34,20M","-0,74%",146.92,11.51M,0.05%
2020-01-15,960.2,1.42M,-0.79%,4440.0,"21,09M","0,27%",146.5,6.51M,-0.29%
2020-01-16,963.4,771.92K,0.33%,4510.0,"16,24M","1,58%",147.58,5.99M,0.74%
2020-01-17,977.2,1.18M,1.43%,4709.0,"26,71M","4,41%",150.2,5.81M,1.78%
2020-01-20,990.6,1.25M,1.37%,4753.0,"21,90M","0,93%",148.78,7.71M,-0.95%
2020-01-21,978.6,1.11M,-1.21%,4620.0,"19,38M","-2,80%",147.36,5.49M,-0.95%
2020-01-22,959.2,1.20M,-1.98%,4472.0,"18,21M","-3,20%",144.04,8.90M,-2.25%
2020-01-23,962.0,987.73K,0.29%,4530.0,"15,97M","1,30%",144.2,4.32M,0.11%
2020-01-24,956.2,534.85K,-0.60%,4535.0,"8,06M","0,11%",145.0,2.71M,0.55%
2020-01-27,930.0,1.30M,-2.74%,4430.0,"16,07M","-2,32%",143.16,5.49M,-1.27%
2020-01-28,938.6,729.69K,0.92%,4532.0,"10,71M","2,30%",144.12,4.07M,0.67%
2020-01-29,941.2,629.79K,0.28%,4543.0,"8,50M","0,24%",144.2,4.13M,0.06%
2020-01-30,931.0,727.44K,-1.08%,4531.0,"8,03M","-0,26%",143.82,2.77M,-0.26%
2020-01-31,911.4,1.81M,-2.11%,4491.0,"15,20M","-0,88%",138.0,11.34M,-4.05%
2020-02-03,904.2,1.99M,-0.79%,4515.0,"21,12M","0,53%",135.98,8.15M,-1.46%
2020-02-04,912.4,1.38M,0.91%,4605.0,"32,69M","1,99%",138.42,6.49M,1.79%
2020-02-05,923.4,1.17M,1.21%,4620.0,"34,73M","0,33%",138.82,8.56M,0.29%
2020-02-06,925.0,1.02M,0.17%,4523.0,"17,82M","-2,10%",139.44,6.13M,0.45%
2020-02-07,935.4,913.19K,1.12%,4513.0,"13,25M","-0,22%",139.98,5.20M,0.39%
2020-02-10,922.0,850.35K,-1.43%,4439.0,"16,75M","-1,64%",137.58,7.66M,-1.71%
2020-02-11,923.4,956.25K,0.15%,4545.0,"20,86M","2,39%",137.2,6.72M,-0.28%
2020-02-12,938.0,1.34M,1.58%,4570.0,"25,49M","0,55%",141.24,13.25M,2.94%
2020-02-13,926.0,623.63K,-1.28%,4540.0,"8,98M","-0,66%",139.14,5.71M,-1.49%
2020-02-14,928.0,508.96K,0.22%,4570.0,"9,86M","0,66%",140.32,5.48M,0.85%
2020-02-17,924.6,514.46K,-0.37%,4542.0,"7,28M","-0,61%",140.42,2.04M,0.07%
2020-02-18,914.6,835.02K,-1.08%,4487.0,"10,20M","-1,21%",138.9,5.73M,-1.08%
2020-02-19,914.0,1.10M,-0.07%,4485.0,"7,76M","-0,04%",139.12,4.98M,0.16%
2020-02-20,915.8,1.26M,0.20%,4505.0,"13,17M","0,45%",139.98,4.42M,0.62%
2020-02-21,908.0,1.18M,-0.85%,4490.0,"6,17M","-0,33%",139.82,5.85M,-0.11%
2020-02-25,890.0,1.68M,-1.98%,4410.0,"19,84M","-1,78%",137.72,8.05M,-1.50%
2020-02-26,886.4,1.85M,-0.40%,4430.0,"19,57M","0,45%",136.74,9.92M,-0.71%
2020-02-27,865.4,2.32M,-2.37%,4300.0,"19,00M","-2,93%",131.4,8.00M,-3.91%
2020-02-28,814.6,3.89M,-5.87%,3998.0,"39,31M","-7,02%",124.94,20.89M,-4.92%
2020-03-02,810.6,2.45M,-0.49%,3904.0,"29,64M","-2,35%",122.18,16.70M,-2.21%
2020-03-03,820.4,1.96M,1.21%,3894.0,"17,16M","-0,26%",122.36,9.96M,0.15%
2020-03-04,827.0,1.27M,0.80%,3956.0,"13,00M","1,59%",123.16,8.03M,0.65%
2020-03-05,830.0,1.71M,0.36%,3927.0,"19,56M","-0,73%",124.38,8.79M,0.99%
2020-03-06,808.6,2.15M,-2.58%,3841.0,"17,66M","-2,19%",119.56,12.19M,-3.88%
2020-03-10,829.0,4.37M,2.52%,3838.0,"31,56M","-0,08%",118.04,18.42M,-1.27%
2020-03-11,824.0,2.48M,-0.60%,3849.0,"13,77M","0,29%",120.7,16.94M,2.25%
2020-03-12,776.8,3.27M,-5.73%,3500.0,"30,46M","-9,07%",111.14,14.73M,-7.92%
2020-03-13,809.6,3.04M,4.22%,3496.0,"26,05M","-0,11%",109.54,13.06M,-1.44%
2020-03-16,818.8,2.19M,1.14%,3540.0,"38,20M","1,26%",108.76,12.71M,-0.71%
2020-03-17,800.4,1.92M,-2.25%,3425.0,"23,29M","-3,25%",107.8,11.10M,-0.88%
2020-03-18,780.0,1.91M,-2.55%,3200.0,"23,51M","-6,57%",101.1,10.35M,-6.22%
2020-03-19,812.0,2.20M,4.10%,3370.0,"21,18M","5,31%",108.42,19.55M,7.24%
2020-03-20,812.6,2.20M,0.07%,3395.0,"22,77M","0,74%",111.56,16.37M,2.90%
2020-03-23,793.6,1.43M,-2.34%,3318.0,"14,91M","-2,27%",108.36,9.08M,-2.87%
2020-03-24,843.8,1.88M,6.33%,3420.0,"22,36M","3,07%",116.08,14.17M,7.12%
2020-03-25,853.4,2.30M,1.14%,3590.0,"25,22M","4,97%",122.12,18.72M,5.20%
2020-03-26,848.8,1.33M,-0.54%,3677.0,"27,60M","2,42%",119.76,10.14M,-1.93%
2020-03-27,825.4,1.02M,-2.76%,3575.0,"15,90M","-2,77%",116.4,6.28M,-2.81%
2020-03-30,843.6,1.01M,2.20%,3613.0,"17,23M","1,06%",118.78,5.90M,2.04%
2020-03-31,866.6,2.18M,2.73%,3850.0,"24,59M","6,56%",124.0,9.47M,4.39%
2020-04-01,848.4,1.20M,-2.10%,3848.0,"21,16M","-0,05%",122.8,7.56M,-0.97%
2020-04-02,859.6,1.17M,1.32%,3810.0,"23,66M","-0,99%",122.7,12.14M,-0.08%
2020-04-03,882.0,2.01M,2.61%,3792.0,"22,15M","-0,47%",124.84,9.40M,1.74%
2020-04-06,892.8,1.05M,1.22%,3988.0,"19,34M","5,17%",130.0,8.14M,4.13%
2020-04-07,888.0,1.65M,-0.54%,3903.0,"16,06M","-2,13%",132.24,8.08M,1.72%
2020-04-08,899.2,814.79K,1.26%,3995.0,"11,64M","2,36%",133.0,8.25M,0.57%
2020-04-09,905.0,1.32M,0.65%,4018.0,"14,63M","0,58%",133.46,7.47M,0.35%
2020-04-10,900.0,309.05K,-0.55%,3985.0,"3,86M","-0,82%",131.58,1.89M,-1.41%
2020-04-13,882.2,512.52K,-1.98%,3934.0,"5,21M","-1,28%",129.92,3.37M,-1.26%
2020-04-14,899.0,954.62K,1.90%,3984.0,"9,08M","1,27%",129.04,6.83M,-0.68%
2020-04-15,861.2,1.30M,-4.20%,3793.0,"11,32M","-4,79%",125.32,6.70M,-2.88%
2020-04-16,857.4,1.39M,-0.44%,3878.0,"18,41M","2,24%",125.5,7.91M,0.14%
2020-04-17,864.6,605.61K,0.84%,3873.0,"9,22M","-0,13%",126.1,5.66M,0.48%
2020-04-20,874.2,996.90K,1.11%,3932.0,"9,66M","1,52%",127.5,6.81M,1.11%
2020-04-21,866.0,1.41M,-0.94%,3912.0,"15,44M","-0,51%",124.88,10.86M,-2.05%
2020-04-22,868.6,1.46M,0.30%,3980.0,"10,58M","1,74%",125.5,8.74M,0.50%
2020-04-23,870.0,996.43K,0.16%,4001.0,"11,26M","0,53%",127.46,6.06M,1.56%
2020-04-24,862.4,1.00M,-0.87%,3912.0,"9,84M","-2,22%",124.84,9.87M,-2.06%
2020-04-27,869.0,897.34K,0.77%,4070.0,"11,10M","4,04%",123.16,6.45M,-1.35%
2020-04-28,870.0,1.26M,0.12%,4167.0,"20,11M","2,38%",125.6,8.69M,1.98%
2020-04-29,875.6,1.20M,0.64%,4035.0,"25,12M","-3,17%",127.1,5.29M,1.19%
2020-04-30,889.6,1.43M,1.60%,4026.0,"23,00M","-0,22%",128.34,6.84M,0.98%
2020-05-04,871.0,881.38K,-2.09%,3951.0,"12,35M","-1,86%",124.8,5.36M,-2.76%
2020-05-05,873.2,542.25K,0.25%,3950.0,"8,43M","-0,03%",125.08,3.25M,0.22%
2020-05-06,870.6,819.54K,-0.30%,3913.0,"9,24M","-0,94%",124.06,4.44M,-0.82%
2020-05-07,869.2,1.11M,-0.16%,3850.0,"17,48M","-1,61%",124.9,5.00M,0.68%
2020-05-08,871.4,519.53K,0.25%,3810.0,"13,94M","-1,04%",125.0,3.77M,0.08%
2020-05-12,853.4,1.38M,-2.07%,3795.0,"14,71M","-0,39%",122.1,7.64M,-2.32%
2020-05-13,838.0,992.74K,-1.80%,3750.0,"12,92M","-1,19%",118.24,5.56M,-3.16%
2020-05-14,823.4,1.57M,-1.74%,3712.0,"11,64M","-1,01%",117.28,7.33M,-0.81%
2020-05-15,824.2,1.16M,0.10%,3701.0,"9,48M","-0,30%",118.4,5.23M,0.95%
2020-05-18,861.0,1.13M,4.46%,3784.0,"12,83M","2,24%",124.64,8.60M,5.27%
2020-05-19,862.4,1.00M,0.16%,3775.0,"9,80M","-0,24%",125.02,8.99M,0.30%
2020-05-20,884.4,1.12M,2.55%,3862.0,"15,12M","2,30%",128.1,8.55M,2.46%
2020-05-21,863.6,1.40M,-2.35%,3810.0,"10,45M","-1,35%",125.7,5.39M,-1.87%
2020-05-22,872.0,1.18M,0.97%,3816.0,"6,52M","0,16%",128.28,7.15M,2.05%
2020-05-25,908.0,1.51M,4.13%,3927.0,"10,19M","2,91%",132.2,5.99M,3.06%
2020-05-26,905.0,2.00M,-0.33%,3944.0,"12,08M","0,43%",134.0,13.40M,1.36%
2020-05-27,919.4,1.24M,1.59%,3969.0,"12,38M","0,63%",135.7,9.71M,1.27%
2020-05-28,940.0,1.34M,2.24%,4183.0,"28,37M","5,39%",138.8,7.79M,2.28%
2020-05-29,934.6,1.98M,-0.57%,4044.0,"38,28M","-3,32%",137.76,16.49M,-0.75%
2020-06-01,939.0,968.63K,0.47%,4100.0,"10,85M","1,38%",137.72,4.50M,-0.03%
2020-06-02,945.0,991.60K,0.64%,4160.0,"10,10M","1,46%",138.16,5.62M,0.32%
2020-06-03,954.6,1.46M,1.02%,4258.0,"15,83M","2,37%",139.88,6.40M,1.24%
2020-06-04,940.6,1.16M,-1.47%,4252.0,"12,69M","-0,15%",138.86,10.96M,-0.73%
2020-06-05,949.0,697.05K,0.89%,4251.0,"4,93M","-0,04%",142.0,8.86M,2.26%
2020-06-08,944.0,1.14M,-0.53%,4299.0,"8,22M","1,14%",137.58,6.72M,-3.11%
2020-06-09,948.0,1.29M,0.42%,4263.0,"14,58M","-0,83%",137.0,6.29M,-0.42%
2020-06-10,950.4,1.21M,0.25%,4278.0,"15,22M","0,34%",138.66,5.57M,1.21%
2020-06-11,939.0,2.37M,-1.20%,4108.0,"13,79M","-3,97%",135.6,3.77M,-2.21%
2020-06-15,879.2,2.13M,-6.37%,4055.0,"19,11M","-1,29%",131.5,7.93M,-3.02%
2020-06-16,880.0,1.50M,0.09%,3992.0,"21,48M","-1,55%",133.36,7.94M,1.41%
2020-06-17,883.6,1.30M,0.41%,3931.0,"10,29M","-1,52%",137.28,8.37M,2.94%
2020-06-18,874.4,1.39M,-1.04%,3960.0,"11,11M","0,72%",137.82,9.26M,0.39%
2020-06-19,872.2,1.81M,-0.25%,3983.0,"21,80M","0,58%",138.86,7.76M,0.75%
2020-06-22,870.6,1.16M,-0.18%,3938.0,"11,42M","-1,14%",138.32,4.57M,-0.39%
2020-06-23,872.0,753.46K,0.16%,3901.0,"10,59M","-0,93%",138.9,3.65M,0.42%
2020-06-25,861.4,1.23M,-1.22%,3771.0,"31,40M","-3,33%",138.34,4.51M,-0.40%
2020-06-26,851.6,1.32M,-1.14%,3771.0,"16,23M","0,00%",137.28,2.46M,-0.77%
2020-06-29,854.8,872.22K,0.38%,3720.0,"12,01M","-1,35%",139.02,3.09M,1.27%
2020-06-30,864.0,1.29M,1.08%,3699.0,"21,20M","-0,58%",140.88,5.72M,1.34%
2020-07-02,869.0,655.64K,0.58%,3760.0,"17,88M","1,68%",141.1,3.01M,0.16%
2020-07-03,884.2,896.41K,1.75%,3795.0,"13,65M","0,92%",143.2,4.02M,1.49%
2020-07-06,901.0,1.60M,1.90%,3856.0,"16,57M","1,61%",143.98,3.33M,0.54%
2020-07-07,892.2,869.80K,-0.98%,3814.0,"20,37M","-1,09%",143.3,4.34M,-0.47%
2020-07-08,894.0,501.24K,0.20%,3831.0,"9,10M","0,45%",142.78,2.87M,-0.36%
2020-07-09,876.2,1.01M,-1.99%,3867.0,"11,59M","0,95%",140.22,5.68M,-1.79%
2020-07-10,880.2,621.31K,0.46%,3864.0,"5,75M","-0,09%",135.64,5.81M,-3.27%
2020-07-13,872.8,572.65K,-0.84%,3767.0,"16,17M","-2,51%",135.64,3.13M,0.00%
2020-07-14,876.0,896.83K,0.37%,3857.0,"15,50M","2,39%",137.1,4.77M,1.08%
2020-07-15,883.8,839.69K,0.89%,3900.0,"15,06M","1,11%",138.72,3.52M,1.18%
2020-07-16,879.8,646.19K,-0.45%,3833.0,"15,65M","-1,73%",138.3,2.13M,-0.30%
2020-07-17,878.2,427.08K,-0.18%,3810.0,"9,64M","-0,59%",137.74,1.69M,-0.40%
2020-07-20,887.6,750.44K,1.07%,3830.0,"9,87M","0,52%",138.48,2.27M,0.54%
2020-07-21,894.2,1.08M,0.74%,3916.0,"17,96M","2,25%",139.6,3.72M,0.81%
2020-07-22,896.6,886.69K,0.27%,3879.0,"15,61M","-0,94%",141.18,5.07M,1.13%
2020-07-23,889.6,902.84K,-0.78%,3880.0,"7,72M","0,03%",141.66,4.54M,0.34%
2020-07-24,894.2,612.62K,0.52%,3916.0,"13,89M","0,93%",143.84,6.15M,1.54%
2020-07-27,909.6,897.87K,1.72%,3913.0,"21,37M","-0,09%",145.7,6.03M,1.29%
2020-07-28,919.2,1.17M,1.06%,4040.0,"22,47M","3,25%",146.86,6.69M,0.80%
2020-07-29,925.4,871.55K,0.67%,3990.0,"19,64M","-1,23%",147.04,5.40M,0.12%
2020-07-30,908.4,1.28M,-1.84%,3928.0,"18,77M","-1,54%",145.28,7.32M,-1.20%
2020-07-31,912.6,990.90K,0.46%,3996.0,"21,19M","1,72%",145.72,5.84M,0.30%
2020-08-03,916.8,672.61K,0.46%,3976.0,"9,18M","-0,50%",144.68,3.50M,-0.71%
2020-08-04,934.6,1.19M,1.94%,4010.0,"16,28M","0,84%",149.1,9.94M,3.06%
2020-08-05,940.6,1.15M,0.64%,4017.0,"14,01M","0,20%",148.7,7.06M,-0.27%
2020-08-06,939.8,706.72K,-0.09%,4001.0,"16,60M","-0,42%",149.16,7.02M,0.31%
2020-08-07,924.8,1.19M,-1.60%,3962.0,"6,85M","-0,97%",149.5,5.09M,0.23%
2020-08-10,933.2,629.90K,0.91%,3953.0,"7,60M","-0,20%",154.4,8.52M,3.28%
2020-08-11,944.4,1.73M,1.20%,3939.0,"14,24M","-0,37%",157.94,8.74M,2.29%
2020-08-12,973.6,1.70M,3.09%,4008.0,"20,89M","1,76%",162.98,7.57M,3.19%
2020-08-13,970.0,1.11M,-0.37%,4010.0,"21,28M","0,05%",159.76,7.67M,-1.98%
2020-08-14,965.6,795.99K,-0.45%,3992.0,"17,91M","-0,47%",160.48,4.80M,0.45%
2020-08-17,968.4,795.84K,0.29%,4000.0,"9,22M","0,21%",159.7,6.12M,-0.49%
2020-08-18,960.8,936.33K,-0.78%,3951.0,"11,79M","-1,24%",159.68,6.06M,-0.01%
2020-08-19,966.0,745.40K,0.54%,4037.0,"24,86M","2,18%",160.32,4.36M,0.40%
2020-08-20,957.8,827.75K,-0.85%,3989.0,"10,98M","-1,18%",160.96,4.11M,0.40%
2020-08-21,960.2,764.91K,0.25%,3967.0,"9,75M","-0,56%",159.92,4.33M,-0.65%
2020-08-24,962.6,524.03K,0.25%,3978.0,"5,15M","0,29%",160.18,3.79M,0.16%
2020-08-25,962.8,722.66K,0.02%,3963.0,"9,41M","-0,38%",160.62,4.38M,0.27%
2020-08-26,962.4,638.08K,-0.04%,3958.0,"7,07M","-0,11%",159.8,4.47M,-0.51%
2020-08-27,952.2,789.47K,-1.06%,3883.0,"12,90M","-1,92%",158.82,6.37M,-0.61%
2020-08-28,943.6,550.44K,-0.90%,3860.0,"10,46M","-0,58%",156.1,6.00M,-1.71%
2020-08-31,931.0,1.37M,-1.34%,3785.0,"24,17M","-1,94%",154.48,8.71M,-1.04%
2020-09-01,946.4,1.33M,1.65%,3833.0,"12,00M","1,27%",161.28,9.15M,4.40%
2020-09-02,951.0,1.35M,0.49%,3768.0,"25,19M","-1,70%",161.9,10.43M,0.38%
2020-09-03,943.6,1.13M,-0.78%,3697.0,"20,01M","-1,88%",161.92,6.57M,0.01%
2020-09-04,947.4,1.25M,0.40%,3719.0,"13,61M","0,61%",162.5,4.47M,0.36%
2020-09-07,929.6,924.28K,-1.88%,3693.0,"15,92M","-0,71%",160.2,3.78M,-1.42%
2020-09-08,928.6,1.36M,-0.11%,3635.0,"27,86M","-1,56%",158.98,6.40M,-0.76%
2020-09-09,943.6,1.61M,1.62%,3748.0,"22,08M","3,09%",159.86,7.42M,0.55%
2020-09-10,966.0,2.04M,2.37%,3698.0,"20,15M","-1,33%",160.44,9.76M,0.36%
2020-09-11,968.0,1.03M,0.21%,3744.0,"24,73M","1,24%",162.98,6.34M,1.58%
2020-09-14,987.4,1.16M,2.00%,3863.0,"24,33M","3,18%",166.6,6.43M,2.22%
2020-09-15,997.0,1.32M,0.97%,3912.0,"21,90M","1,27%",168.98,5.75M,1.43%
2020-09-16,987.2,1.29M,-0.98%,3851.0,"15,70M","-1,55%",167.2,6.59M,-1.05%
2020-09-17,989.8,784.89K,0.26%,3935.0,"22,38M","2,17%",168.3,4.98M,0.66%
2020-09-18,976.0,1.06M,-1.39%,3961.0,"26,10M","0,66%",166.68,6.42M,-0.96%
2020-09-21,972.2,950.03K,-0.39%,3951.0,"20,40M","-0,25%",166.42,3.94M,-0.16%
2020-09-22,976.2,879.99K,0.41%,3892.0,"32,82M","-1,51%",166.72,4.99M,0.18%
2020-09-23,968.0,1.26M,-0.84%,3926.0,"32,96M","0,90%",165.1,6.96M,-0.97%
2020-09-24,975.0,800.94K,0.72%,3807.0,"27,60M","-3,04%",167.52,6.08M,1.47%
2020-09-25,984.6,701.35K,0.98%,3840.0,"18,09M","0,87%",168.58,3.36M,0.63%
2020-09-28,983.0,883.20K,-0.16%,3895.0,"13,30M","1,43%",171.86,5.75M,1.95%
2020-09-29,1008.0,1.69M,2.54%,3916.0,"15,17M","0,54%",175.0,5.55M,1.83%
2020-09-30,992.0,852.71K,-1.59%,3863.0,"13,60M","-1,35%",172.0,5.15M,-1.71%
2020-10-01,996.6,581.41K,0.46%,3815.0,"11,46M","-1,24%",171.52,2.36M,-0.28%
2020-10-02,1001.6,516.44K,0.50%,3830.0,"10,11M","0,39%",173.46,3.29M,1.13%
2020-10-05,1005.4,867.39K,0.38%,3762.0,"30,50M","-1,79%",173.9,3.79M,0.25%
2020-10-06,998.8,743.74K,-0.66%,3712.0,"25,04M","-1,33%",173.2,3.85M,-0.40%
2020-10-07,994.8,784.59K,-0.40%,3679.0,"20,29M","-0,86%",172.48,5.32M,-0.42%
2020-10-08,1000.2,705.28K,0.54%,3660.0,"18,64M","-0,53%",174.28,8.43M,1.04%
2020-10-09,999.6,458.06K,-0.06%,3586.0,"31,43M","-2,02%",169.22,6.07M,-2.90%
2020-10-12,1010.0,573.28K,1.04%,3608.0,"21,85M","0,63%",173.28,4.04M,2.40%
2020-10-13,993.0,732.30K,-1.68%,3525.0,"25,25M","-2,31%",168.28,3.66M,-2.89%
2020-10-14,1005.0,677.64K,1.21%,3551.0,"15,81M","0,72%",169.68,5.18M,0.83%
2020-10-15,1001.8,551.67K,-0.32%,3485.0,"25,42M","-1,86%",170.74,4.02M,0.62%
2020-10-16,995.2,609.25K,-0.66%,3492.0,"18,66M","0,23%",170.56,4.07M,-0.11%
2020-10-19,988.0,459.36K,-0.72%,3487.0,"12,65M","-0,16%",170.14,2.13M,-0.25%
2020-10-20,1005.8,655.97K,1.80%,3560.0,"15,03M","2,09%",172.34,2.85M,1.29%
2020-10-21,1009.2,659.38K,0.34%,3629.0,"21,86M","1,95%",171.22,4.43M,-0.65%
2020-10-22,1061.8,2.21M,5.21%,3756.0,"46,36M","3,49%",180.24,13.29M,5.27%
2020-10-23,1067.0,1.06M,0.49%,3727.0,"22,31M","-0,77%",179.5,7.04M,-0.41%
2020-10-26,1063.0,767.48K,-0.37%,3674.0,"18,79M","-1,44%",179.64,4.78M,0.08%
2020-10-27,1062.8,1.35M,-0.02%,3595.0,"26,06M","-2,14%",180.62,6.89M,0.55%
2020-10-28,1040.2,1.45M,-2.13%,3552.0,"27,08M","-1,20%",178.84,7.95M,-0.99%
2020-10-29,1056.0,896.97K,1.52%,3642.0,"26,60M","2,55%",181.08,5.98M,1.25%
2020-10-30,1085.0,1.49M,2.75%,3719.0,"35,08M","2,10%",185.1,9.14M,2.22%
2020-11-02,1093.0,925.50K,0.74%,3780.0,"29,44M","1,64%",188.2,7.04M,1.67%
2020-11-03,1107.2,930.61K,1.30%,3870.0,"41,70M","2,38%",190.6,6.44M,1.28%
2020-11-05,1081.0,2.48M,-2.37%,3880.0,"44,26M","0,26%",186.54,12.47M,-2.13%
2020-11-06,1090.8,1.30M,0.91%,3904.0,"34,66M","0,62%",189.5,7.80M,1.59%
2020-11-09,1098.0,1.59M,0.66%,3919.0,"57,69M","0,38%",191.88,7.74M,1.26%
2020-11-10,1093.2,1.25M,-0.44%,3915.0,"38,30M","-0,10%",192.42,5.79M,0.28%
2020-11-11,1096.4,1.03M,0.29%,4107.0,"110,07M","4,90%",194.44,5.49M,1.05%
2020-11-12,1091.4,1.21M,-0.46%,4085.0,"54,86M","-0,54%",193.48,10.34M,-0.49%
2020-11-13,1109.0,971.94K,1.61%,4166.0,"22,42M","1,98%",197.72,5.43M,2.19%
2020-11-16,1132.0,1.31M,2.07%,4300.0,"37,83M","3,22%",202.58,10.06M,2.46%
2020-11-17,1116.2,1.22M,-1.40%,4256.0,"34,12M","-1,02%",196.06,9.98M,-3.22%
2020-11-18,1117.8,888.52K,0.14%,4185.0,"29,44M","-1,66%",192.6,10.03M,-1.76%
2020-11-19,1105.4,802.33K,-1.11%,4208.0,"26,26M","0,53%",191.0,4.61M,-0.83%
2020-11-20,1107.2,417.25K,0.16%,4178.0,"14,76M","-0,70%",191.34,2.86M,0.18%
2020-11-23,1115.0,840.55K,0.70%,4192.0,"17,41M","0,34%",190.34,5.16M,-0.52%
2020-11-24,1139.0,1.24M,2.15%,4212.0,"16,93M","0,48%",193.44,3.76M,1.63%
2020-11-25,1128.0,1.33M,-0.97%,4252.0,"21,57M","0,95%",194.46,4.53M,0.53%
2020-11-26,1147.2,1.19M,1.70%,4267.0,"20,04M","0,36%",197.14,5.24M,1.38%
2020-11-27,1147.2,1.05M,0.00%,4285.0,"35,49M","0,41%",198.38,3.26M,0.63%
2020-11-30,1131.8,2.25M,-1.34%,4348.0,"287,90M","1,47%",192.62,15.52M,-2.90%
2020-12-01,1144.0,974.90K,1.08%,4360.0,"75,49M","0,28%",196.34,6.92M,1.93%
2020-12-02,1159.4,1.69M,1.35%,4529.0,"64,13M","3,88%",194.76,17.10M,-0.80%
2020-12-03,1146.6,1.49M,-1.10%,4440.0,"48,24M","-1,98%",191.0,26.78M,-1.93%
2020-12-04,1188.8,2.29M,3.68%,4484.0,"37,41M","1,00%",192.38,11.46M,0.72%
2020-12-07,1163.0,3.21M,-2.17%,4749.0,"74,21M","5,92%",196.44,14.71M,2.11%
2020-12-08,1165.8,3.03M,0.24%,4742.0,"98,76M","-0,17%",198.3,13.50M,0.95%
2020-12-09,1170.2,1.32M,0.38%,4700.0,"36,43M","-0,88%",197.26,14.88M,-0.52%
2020-12-10,1204.0,1.56M,2.89%,4818.0,"49,45M","2,51%",201.1,7.33M,1.95%
2020-12-11,1224.6,1.69M,1.71%,4883.0,"21,41M","1,35%",204.5,11.52M,1.69%
2020-12-14,1268.6,4.11M,3.59%,5095.0,"54,15M","4,34%",211.1,14.16M,3.23%
2020-12-15,1267.0,1.46M,-0.13%,5194.0,"48,12M","1,94%",211.32,10.26M,0.10%
2020-12-16,1269.0,1.42M,0.16%,5280.0,"60,54M","1,66%",214.44,9.68M,1.48%
2020-12-17,1251.0,1.57M,-1.42%,5301.0,"47,81M","0,40%",213.18,7.30M,-0.59%
2020-12-18,1263.6,1.86M,1.01%,5250.0,"29,40M","-0,96%",213.34,9.05M,0.08%
2020-12-21,1252.0,1.90M,-0.92%,5198.0,"41,04M","-0,99%",210.4,9.87M,-1.38%
2020-12-22,1286.2,1.30M,2.73%,5347.0,"42,47M","2,88%",217.2,10.60M,3.23%
2020-12-23,1298.0,857.77K,0.92%,5472.0,"33,50M","2,34%",218.22,5.86M,0.47%
2020-12-24,1321.2,891.47K,1.79%,5631.0,"46,45M","2,90%",219.8,6.80M,0.72%
2020-12-25,1363.4,1.33M,3.19%,5794.0,"32,70M","2,90%",224.36,12.10M,2.07%
2020-12-28,1374.4,1.33M,0.81%,5843.0,"49,01M","0,84%",220.4,10.80M,-1.77%
2020-12-29,1337.8,2.33M,-2.66%,5692.0,"73,76M","-2,58%",209.8,18.03M,-4.81%
2020-12-30,1323.2,1.39M,-1.09%,5583.0,"47,33M","-1,91%",208.84,12.08M,-0.46%
2021-01-04,1343.2,999.39K,1.51%,5693.0,"29,12M","1,96%",214.2,7.26M,2.57%
2021-01-05,1334.2,2.04M,-0.67%,5700.0,"25,54M","0,12%",216.86,7.64M,1.24%
2021-01-06,1326.4,840.83K,-0.58%,5676.0,"19,28M","-0,42%",215.86,4.71M,-0.46%
2021-01-08,1369.2,1.69M,3.23%,5769.0,"34,47M","1,64%",225.36,13.38M,4.40%
2021-01-11,1351.2,1.42M,-1.31%,5792.0,"39,09M","0,39%",219.36,12.03M,-2.66%
2021-01-12,1332.8,1.34M,-1.36%,5781.0,"48,47M","-0,18%",218.38,7.26M,-0.45%
2021-01-13,1315.6,1.47M,-1.29%,5470.0,"77,33M","-5,38%",214.68,9.12M,-1.69%
2021-01-14,1367.6,2.84M,3.95%,5694.0,"89,44M","4,10%",222.82,16.20M,3.79%
2021-01-15,1344.8,1.74M,-1.67%,5625.0,"42,94M","-1,22%",219.52,9.77M,-1.48%
2021-01-18,1347.8,1.70M,0.22%,5686.0,"32,98M","1,08%",219.06,5.23M,-0.21%
2021-01-19,1340.4,1.00M,-0.55%,5733.0,"26,92M","0,82%",219.2,6.51M,0.06%
2021-01-20,1340.0,1.05M,-0.03%,5706.0,"20,40M","-0,45%",223.88,9.04M,2.14%
2021-01-21,1344.4,1.32M,0.33%,5585.0,"49,84M","-2,12%",222.9,7.99M,-0.44%
2021-01-22,1320.4,1.55M,-1.79%,5527.0,"48,17M","-1,05%",220.62,8.92M,-1.02%
2021-01-25,1313.0,1.66M,-0.56%,5483.0,"30,16M","-0,79%",220.32,6.63M,-0.14%
2021-01-26,1316.2,929.47K,0.24%,5441.0,"25,23M","-0,78%",219.18,4.31M,-0.52%
2021-01-27,1280.6,2.02M,-2.70%,5303.0,"41,00M","-2,53%",217.78,7.82M,-0.64%
2021-01-28,1279.6,1.43M,-0.08%,5215.0,"49,97M","-1,66%",215.06,8.50M,-1.25%
2021-01-29,1262.8,1.90M,-1.31%,5190.0,"50,34M","-0,50%",210.42,11.05M,-2.16%
2021-02-01,1278.4,1.25M,1.24%,5359.0,"49,65M","3,27%",211.7,5.08M,0.61%
2021-02-02,1287.0,1.07M,0.67%,5301.0,"36,99M","-1,09%",212.4,9.11M,0.33%
2021-02-03,1284.0,822.35K,-0.23%,5347.0,"16,96M","0,89%",213.4,7.47M,0.47%
2021-02-04,1299.6,1.79M,1.21%,5308.0,"22,67M","-0,75%",212.52,6.91M,-0.41%
2021-02-05,1287.0,1.16M,-0.97%,5214.0,"32,14M","-1,76%",211.16,3.71M,-0.64%
2021-02-08,1296.4,1.30M,0.73%,5226.0,"28,33M","0,22%",213.06,3.89M,0.90%
2021-02-09,1287.6,785.97K,-0.68%,5183.0,"25,15M","-0,80%",207.7,8.26M,-2.52%
2021-02-10,1283.0,823.48K,-0.36%,5181.0,"15,02M","-0,06%",207.24,6.60M,-0.22%
2021-02-11,1277.2,527.06K,-0.45%,5145.0,"17,05M","-0,69%",206.5,8.15M,-0.36%
2021-02-12,1287.2,982.82K,0.78%,5209.0,"38,00M","1,24%",208.2,8.18M,0.82%
2021-02-15,1287.8,880.35K,0.05%,5182.0,"21,11M","-0,52%",207.44,7.80M,-0.37%
2021-02-16,1301.0,940.53K,1.03%,5242.0,"20,77M","1,15%",208.12,5.66M,0.33%
2021-02-17,1293.0,945.93K,-0.61%,5215.0,"30,92M","-0,52%",207.36,7.57M,-0.37%
2021-02-18,1280.8,961.94K,-0.94%,5109.0,"14,07M","-2,02%",204.68,5.75M,-1.29%
2021-02-19,1308.4,984.72K,2.15%,5173.0,"27,75M","1,25%",208.7,7.80M,1.96%
2021-02-20,1311.8,234.89K,0.26%,5230.0,"9,04M","1,10%",209.5,2.05M,0.38%
2021-02-22,1334.6,1.56M,1.74%,5309.0,"26,90M","1,51%",214.64,8.66M,2.45%
2021-02-24,1304.4,1.29M,-2.26%,5254.0,"31,75M","-1,04%",211.94,10.81M,-1.26%
2021-02-25,1341.0,2.35M,2.81%,5309.0,"57,31M","1,05%",217.28,11.82M,2.52%
2021-02-26,1343.6,2.51M,0.19%,5421.0,"57,75M","2,10%",222.12,19.22M,2.23%
2021-03-01,1366.8,1.24M,1.73%,5510.0,"29,60M","1,65%",224.2,8.08M,0.94%
2021-03-02,1360.0,1.11M,-0.50%,5497.0,"25,62M","-0,25%",222.2,6.50M,-0.89%
2021-03-03,1375.4,1.51M,1.13%,5614.0,"41,93M","2,14%",226.8,11.69M,2.07%
2021-03-04,1333.0,1.37M,-3.08%,5440.0,"32,05M","-3,10%",216.16,12.64M,-4.69%
2021-03-05,1339.0,1.11M,0.45%,5466.0,"27,16M","0,48%",213.3,25.69M,-1.32%
2021-03-09,1315.6,2.11M,-1.75%,5340.0,"32,25M","-2,31%",210.2,14.13M,-1.45%
2021-03-10,1334.4,1.42M,1.43%,5361.0,"17,20M","0,39%",208.68,8.91M,-0.72%
2021-03-11,1361.0,1.27M,1.99%,5499.0,"32,44M","2,58%",213.74,10.44M,2.42%
2021-03-12,1408.0,1.90M,3.45%,5569.0,"27,40M","1,27%",216.0,8.11M,1.06%
2021-03-15,1436.2,1.69M,2.00%,5580.0,"26,17M","0,19%",217.78,18.14M,0.82%
2021-03-16,1435.2,1.28M,-0.07%,5530.0,"19,94M","-0,90%",215.2,10.56M,-1.18%
2021-03-17,1417.0,1.06M,-1.27%,5438.0,"28,04M","-1,66%",215.16,9.15M,-0.02%
2021-03-18,1411.4,999.90K,-0.40%,5361.0,"33,98M","-1,42%",216.02,11.00M,0.40%
2021-03-19,1422.6,1.89M,0.79%,5440.0,"23,77M","1,47%",218.34,13.48M,1.07%
2021-03-22,1411.8,743.68K,-0.76%,5378.0,"23,34M","-1,14%",218.08,5.21M,-0.12%
2021-03-23,1378.6,1.33M,-2.35%,5298.0,"11,28M","-1,49%",212.48,10.68M,-2.57%
2021-03-24,1397.6,1.13M,1.38%,5347.0,"16,47M","0,93%",215.5,8.68M,1.42%
2021-03-25,1396.6,1.88M,-0.07%,5381.0,"21,80M","0,62%",218.22,7.75M,1.26%
2021-03-26,1426.2,1.76M,2.12%,5604.0,"42,65M","4,15%",224.98,12.43M,3.10%
2021-03-29,1441.2,2.36M,1.05%,5762.0,"54,46M","2,81%",229.42,9.11M,1.97%
2021-03-30,1480.6,1.57M,2.73%,5846.0,"39,96M","1,47%",235.12,10.85M,2.48%
2021-03-31,1534.6,2.30M,3.65%,6088.0,"65,85M","4,15%",242.16,15.06M,2.99%
2021-04-01,1509.2,2.18M,-1.66%,5971.0,"39,57M","-1,94%",237.18,11.02M,-2.06%
2021-04-02,1528.2,537.78K,1.26%,5965.0,"12,61M","-0,10%",239.98,2.74M,1.18%
2021-04-05,1507.8,767.91K,-1.33%,6009.0,"25,36M","0,75%",236.38,5.20M,-1.50%
2021-04-06,1503.0,1.48M,-0.32%,6037.0,"29,92M","0,46%",236.94,8.06M,0.24%
2021-04-07,1521.8,2.24M,1.25%,6179.0,"58,90M","2,37%",240.98,12.82M,1.71%
2021-04-08,1553.0,1.28M,2.05%,6217.0,"36,32M","0,61%",244.0,8.75M,1.25%
2021-04-09,1537.8,837.25K,-0.98%,6199.0,"29,54M","-0,30%",245.48,8.48M,0.61%
2021-04-12,1607.8,1.59M,4.55%,6479.0,"37,27M","4,53%",255.06,13.76M,3.90%
2021-04-13,1632.2,2.22M,1.52%,6528.0,"44,87M","0,75%",254.86,14.93M,-0.08%
2021-04-14,1611.8,1.33M,-1.25%,6469.0,"33,20M","-0,90%",251.62,9.28M,-1.27%
2021-04-15,1668.6,1.41M,3.52%,6550.0,"15,70M","1,24%",253.48,10.23M,0.74%
2021-04-16,1768.8,2.48M,6.01%,6882.0,"41,64M","5,08%",265.94,12.58M,4.92%
2021-04-19,1735.6,3.58M,-1.88%,6868.0,"98,77M","-0,21%",261.46,15.49M,-1.68%
2021-04-20,1749.0,1.78M,0.77%,6742.0,"40,94M","-1,84%",261.68,9.01M,0.08%
2021-04-21,1827.8,2.57M,4.51%,6839.0,"64,17M","1,44%",268.26,12.60M,2.51%
2021-04-22,1874.8,3.60M,2.57%,6899.0,"41,09M","0,88%",272.08,14.86M,1.42%
2021-04-23,1881.2,1.64M,0.34%,7032.0,"25,00M","1,93%",275.24,6.71M,1.16%
2021-04-26,1876.0,2.06M,-0.28%,6924.0,"40,91M","-1,54%",279.24,10.51M,1.45%
2021-04-27,1811.8,3.73M,-3.42%,6565.0,"159,75M","-5,18%",271.0,18.67M,-2.95%
2021-04-28,1795.2,2.22M,-0.92%,6667.0,"91,10M","1,55%",269.68,13.28M,-0.49%
2021-04-29,1811.6,803.09K,0.91%,6681.0,"38,40M","0,21%",270.88,6.31M,0.44%
2021-04-30,1774.0,1.46M,-2.08%,6526.0,"28,13M","-2,31%",264.68,9.09M,-2.29%
2021-05-04,1757.8,1.66M,-0.91%,6528.0,"36,52M","0,02%",265.9,8.36M,0.46%
2021-05-05,1752.2,1.97M,-0.32%,6558.0,"34,66M","0,47%",270.5,6.97M,1.73%
2021-05-06,1760.0,1.77M,0.45%,6505.0,"35,87M","-0,82%",267.6,11.96M,-1.07%
2021-05-07,1835.6,2.39M,4.30%,6546.0,"29,07M","0,62%",276.02,10.36M,3.15%
2021-05-10,1831.2,1.30M,-0.24%,6447.0,"38,78M","-1,50%",271.96,11.26M,-1.47%
2021-05-11,1827.8,1.17M,-0.19%,6383.0,"27,56M","-1,00%",272.86,7.41M,0.33%
2021-05-12,1819.2,857.12K,-0.47%,6333.0,"16,21M","-0,79%",273.52,9.56M,0.24%
2021-05-13,1789.0,1.77M,-1.66%,6333.0,"33,54M","0,01%",269.5,9.45M,-1.47%
2021-05-14,1780.0,1.16M,-0.50%,6370.0,"18,70M","0,58%",268.6,6.23M,-0.33%
2021-05-17,1772.8,754.54K,-0.40%,6328.0,"13,36M","-0,66%",268.74,4.44M,0.05%
2021-05-18,1783.8,1.72M,0.62%,6410.0,"35,06M","1,30%",271.9,6.93M,1.18%
2021-05-19,1767.8,1.47M,-0.90%,6292.0,"36,78M","-1,85%",265.68,7.85M,-2.29%
2021-05-20,1813.0,1.95M,2.56%,6540.0,"46,07M","3,95%",271.82,8.31M,2.31%
2021-05-21,1783.4,1.34M,-1.63%,6560.0,"44,35M","0,31%",270.36,6.77M,-0.54%
2021-05-24,1784.0,666.41K,0.03%,6522.0,"21,21M","-0,58%",272.5,5.39M,0.79%
2021-05-25,1789.0,878.80K,0.28%,6532.0,"11,59M","0,15%",275.72,7.18M,1.18%
2021-05-26,1754.4,2.06M,-1.93%,6455.0,"42,96M","-1,17%",266.84,16.66M,-3.22%
2021-05-27,1756.2,2.55M,0.10%,6348.0,"24,52M","-1,66%",267.22,34.59M,0.14%
2021-05-28,1758.2,2.28M,0.11%,6303.0,"23,50M","-0,70%",263.54,11.54M,-1.38%
2021-05-31,1686.0,2.24M,-4.11%,6317.0,"21,85M","0,21%",261.88,10.07M,-0.63%
2021-06-01,1695.2,1.35M,0.55%,6401.0,"27,46M","1,33%",266.62,11.04M,1.81%
2021-06-02,1681.6,1.65M,-0.80%,6572.0,"36,33M","2,67%",265.94,9.32M,-0.26%
2021-06-03,1663.6,1.54M,-1.07%,6498.0,"20,24M","-1,13%",263.7,6.86M,-0.84%
2021-06-04,1646.6,2.12M,-1.02%,6444.0,"21,84M","-0,83%",262.92,8.05M,-0.30%
2021-06-07,1685.4,1.30M,2.36%,6470.0,"20,54M","0,40%",264.0,5.81M,0.41%
2021-06-08,1658.8,1.89M,-1.58%,6456.0,"21,84M","-0,22%",261.9,6.94M,-0.80%
2021-06-09,1655.0,1.26M,-0.23%,6575.0,"33,29M","1,85%",262.22,7.41M,0.12%
2021-06-10,1691.0,2.21M,2.18%,6750.0,"47,71M","2,66%",264.62,7.19M,0.92%
2021-06-11,1733.8,2.25M,2.53%,6802.0,"49,91M","0,77%",271.9,13.41M,2.75%
2021-06-14,1721.2,1.04M,-0.73%,6760.0,"27,39M","-0,62%",272.02,5.45M,0.04%
2021-06-15,1695.0,1.33M,-1.52%,6700.0,"41,43M","-0,89%",266.66,9.19M,-1.97%
2021-06-16,1661.4,1.34M,-1.98%,6450.0,"51,37M","-3,72%",262.98,8.04M,-1.38%
2021-06-17,1636.6,1.78M,-1.49%,6353.0,"30,33M","-1,50%",260.18,9.73M,-1.06%
2021-06-18,1620.0,2.14M,-1.01%,6328.0,"62,86M","-0,41%",260.66,14.20M,0.18%
2021-06-21,1613.0,2.34M,-0.43%,6372.0,"34,14M","0,70%",259.04,15.68M,-0.62%
2021-06-22,1603.0,1.10M,-0.62%,6290.0,"16,61M","-1,27%",249.12,11.16M,-3.83%
2021-06-23,1600.6,895.21K,-0.15%,6352.0,"31,27M","0,98%",246.7,9.50M,-0.97%
2021-06-24,1581.6,5.66M,-1.19%,6116.0,"77,86M","-3,72%",235.52,31.00M,-4.53%
2021-06-25,1566.2,3.65M,-0.97%,5994.0,"59,15M","-1,99%",231.38,26.53M,-1.76%
2021-06-28,1571.4,1.92M,0.33%,6019.0,"31,57M","0,43%",231.78,13.02M,0.17%
2021-06-29,1540.6,1.26M,-1.96%,5889.0,"23,32M","-2,17%",226.26,16.63M,-2.38%
2021-06-30,1577.4,1.59M,2.39%,6058.0,"30,33M","2,88%",230.74,12.93M,1.98%
2021-07-01,1570.0,1.01M,-0.47%,5997.0,"27,41M","-1,02%",228.64,7.31M,-0.91%
2021-07-02,1574.0,691.63K,0.25%,5974.0,"14,12M","-0,38%",229.74,8.60M,0.48%
2021-07-05,1555.0,990.29K,-1.21%,5908.0,"14,17M","-1,12%",226.84,5.67M,-1.26%
2021-07-06,1528.2,1.25M,-1.72%,5758.0,"35,08M","-2,53%",222.0,10.72M,-2.13%
2021-07-07,1590.0,1.47M,4.04%,5897.0,"29,05M","2,41%",228.7,9.85M,3.02%
2021-07-08,1561.0,1.69M,-1.82%,5840.0,"16,67M","-0,96%",226.12,10.83M,-1.13%
2021-07-09,1624.8,1.88M,4.09%,6080.0,"36,31M","4,11%",233.8,13.83M,3.40%
2021-07-12,1631.8,1.33M,0.43%,6110.0,"13,48M","0,49%",235.82,9.12M,0.86%
2021-07-13,1671.0,2.04M,2.40%,6288.0,"35,50M","2,91%",239.22,16.79M,1.44%
2021-07-14,1652.4,1.65M,-1.11%,6208.0,"36,78M","-1,27%",236.86,9.50M,-0.99%
2021-07-15,1680.2,1.47M,1.68%,6284.0,"17,84M","1,22%",241.1,10.34M,1.79%
2021-07-16,1663.6,2.59M,-0.99%,6200.0,"28,76M","-1,34%",238.5,11.68M,-1.08%
2021-07-19,1673.6,1.67M,0.60%,6199.0,"40,69M","-0,02%",233.46,10.28M,-2.11%
2021-07-20,1716.6,2.82M,2.57%,6301.0,"44,74M","1,65%",240.72,13.23M,3.11%
2021-07-21,1711.8,1.50M,-0.28%,6405.0,"40,27M","1,64%",242.6,8.19M,0.78%
2021-07-22,1739.0,1.57M,1.59%,6530.0,"57,98M","1,95%",247.7,14.43M,2.10%
2021-07-23,1741.6,985.47K,0.15%,6660.0,"45,45M","1,99%",246.76,7.32M,-0.38%
2021-07-26,1748.6,1.03M,0.40%,6718.0,"37,83M","0,86%",248.84,7.77M,0.84%
2021-07-27,1783.2,1.94M,1.98%,6841.0,"50,55M","1,84%",256.56,17.65M,3.10%
2021-07-28,1788.0,1.17M,0.27%,6885.0,"56,06M","0,64%",256.28,11.30M,-0.11%
2021-07-29,1795.4,1.29M,0.41%,6935.0,"19,10M","0,73%",258.34,9.40M,0.80%
2021-07-30,1799.4,2.54M,0.22%,6879.0,"22,75M","-0,80%",258.5,11.98M,0.06%
2021-08-02,1786.0,1.03M,-0.74%,6914.0,"18,09M","0,51%",256.86,6.42M,-0.63%
2021-08-03,1792.8,757.92K,0.38%,6915.0,"13,81M","0,01%",258.0,7.00M,0.44%
2021-08-04,1789.6,755.50K,-0.18%,6998.0,"21,36M","1,19%",257.94,7.71M,-0.02%
2021-08-05,1796.8,813.26K,0.40%,7024.0,"12,12M","0,36%",262.34,7.42M,1.71%
2021-08-06,1759.8,1.18M,-2.06%,6861.0,"21,76M","-2,31%",256.02,10.47M,-2.41%
2021-08-09,1736.0,1.70M,-1.35%,6753.0,"26,58M","-1,58%",253.92,19.63M,-0.82%
2021-08-10,1775.0,1.29M,2.25%,6885.0,"20,71M","1,95%",256.64,7.87M,1.07%
2021-08-11,1767.4,764.83K,-0.43%,6883.0,"14,39M","-0,03%",254.42,9.30M,-0.87%
2021-08-12,1744.2,876.97K,-1.31%,6875.0,"12,18M","-0,11%",252.2,7.54M,-0.87%
2021-08-13,1747.8,648.92K,0.21%,6854.0,"7,43M","-0,31%",250.86,7.90M,-0.53%
2021-08-16,1761.2,764.14K,0.77%,6820.0,"12,93M","-0,50%",251.22,7.42M,0.14%
2021-08-17,1743.2,1.16M,-1.02%,6724.0,"12,01M","-1,41%",250.74,8.62M,-0.19%
2021-08-18,1707.2,1.37M,-2.07%,6675.0,"12,70M","-0,73%",245.8,11.58M,-1.97%
2021-08-19,1683.8,1.69M,-1.37%,6632.0,"19,19M","-0,65%",240.5,20.27M,-2.16%
2021-08-20,1669.0,1.08M,-0.88%,6869.0,"28,44M","3,58%",238.78,8.78M,-0.72%
2021-08-23,1690.2,1.07M,1.27%,6914.0,"21,29M","0,66%",239.96,9.54M,0.49%
2021-08-24,1688.6,1.43M,-0.09%,6983.0,"17,57M","1,01%",239.4,8.93M,-0.23%
2021-08-25,1709.2,1.31M,1.22%,7186.0,"34,36M","2,89%",244.7,12.02M,2.21%
2021-08-26,1698.8,1.21M,-0.61%,7153.0,"30,88M","-0,45%",241.38,14.99M,-1.36%
2021-08-27,1734.4,1.56M,2.10%,7138.0,"14,32M","-0,21%",246.76,7.68M,2.23%
2021-08-30,1739.4,1.24M,0.29%,7144.0,"13,05M","0,09%",250.96,8.60M,1.70%
2021-08-31,1722.4,2.45M,-0.98%,7385.0,"36,32M","3,36%",247.6,20.55M,-1.34%
2021-09-01,1661.0,2.96M,-3.56%,7599.0,"40,63M","2,90%",246.4,14.04M,-0.48%
2021-09-02,1671.8,2.49M,0.65%,7692.0,"45,42M","1,22%",245.34,13.37M,-0.43%
2021-09-03,1648.0,2.10M,-1.42%,7667.0,"34,71M","-0,33%",246.32,17.41M,0.40%
2021-09-06,1663.0,951.08K,0.91%,7921.0,"28,95M","3,31%",237.38,17.22M,-3.63%
2021-09-07,1662.0,720.51K,-0.06%,7885.0,"24,70M","-0,46%",236.2,6.47M,-0.50%
2021-09-08,1657.4,807.91K,-0.28%,7799.0,"19,33M","-1,08%",236.26,7.46M,0.03%
2021-09-09,1615.4,1.73M,-2.53%,7521.0,"26,33M","-3,56%",226.42,16.12M,-4.16%
2021-09-10,1635.0,1.34M,1.21%,7825.0,"29,68M","4,03%",231.24,13.98M,2.13%
2021-09-13,1648.8,1.08M,0.84%,7811.0,"25,47M","-0,17%",234.74,8.46M,1.51%
2021-09-14,1622.4,1.44M,-1.60%,7610.0,"79,88M","-2,57%",229.56,12.68M,-2.21%
2021-09-15,1630.8,2.13M,0.52%,7639.0,"42,08M","0,38%",230.3,14.40M,0.32%
2021-09-16,1609.0,1.09M,-1.34%,7621.0,"24,12M","-0,23%",226.62,10.34M,-1.60%
2021-09-17,1571.0,1.89M,-2.36%,7407.0,"33,64M","-2,81%",221.1,15.01M,-2.44%
2021-09-20,1510.2,2.26M,-3.87%,7215.0,"40,80M","-2,59%",212.36,18.51M,-3.95%
2021-09-21,1521.8,2.33M,0.77%,7507.0,"61,96M","4,04%",214.0,13.26M,0.77%
2021-09-22,1561.0,1.83M,2.58%,7833.0,"67,66M","4,34%",220.82,11.91M,3.19%
2021-09-23,1579.4,1.93M,1.18%,7689.0,"89,08M","-1,84%",224.12,20.03M,1.49%
2021-09-24,1563.4,1.51M,-1.01%,7314.0,"100,60M","-4,88%",224.5,9.98M,0.17%
2021-09-27,1568.0,985.72K,0.29%,7259.0,"35,74M","-0,75%",223.14,8.13M,-0.61%
2021-09-28,1533.2,1.16M,-2.22%,7064.0,"30,22M","-2,68%",218.4,9.61M,-2.12%
2021-09-29,1543.2,1.15M,0.65%,6922.0,"33,54M","-2,01%",218.52,8.27M,0.05%
2021-09-30,1520.0,1.38M,-1.50%,6838.0,"25,83M","-1,23%",216.62,9.59M,-0.87%
2021-10-01,1504.8,1.80M,-1.00%,6968.0,"31,70M","1,90%",212.5,9.60M,-1.90%
2021-10-04,1462.4,2.21M,-2.82%,6716.0,"46,11M","-3,61%",205.26,21.87M,-3.41%
2021-10-05,1485.0,2.45M,1.55%,6743.0,"56,27M","0,39%",207.72,22.61M,1.20%
2021-10-06,1538.0,2.43M,3.57%,6978.0,"68,03M","3,49%",210.9,24.15M,1.53%
2021-10-07,1560.0,2.25M,1.43%,7000.0,"76,24M","0,32%",217.5,19.05M,3.13%
2021-10-08,1584.2,2.29M,1.55%,7144.0,"47,77M","2,05%",221.9,21.95M,2.02%
2021-10-11,1595.6,1.35M,0.72%,7238.0,"39,71M","1,32%",221.64,14.05M,-0.12%
2021-10-12,1591.4,1.24M,-0.26%,7159.0,"29,39M","-1,09%",219.04,15.33M,-1.17%
2021-10-13,1586.6,1.46M,-0.30%,6953.0,"44,36M","-2,88%",214.56,13.59M,-2.05%
2021-10-14,1595.6,1.27M,0.57%,6954.0,"29,10M","0,01%",215.7,8.68M,0.53%
2021-10-15,1567.6,1.87M,-1.75%,6841.0,"31,92M","-1,62%",211.56,14.03M,-1.92%
2021-10-18,1639.6,3.64M,4.59%,6993.0,"33,60M","2,22%",219.24,15.23M,3.63%
2021-10-19,1652.2,2.55M,0.77%,7005.0,"40,78M","0,17%",222.22,18.90M,1.36%
2021-10-20,1627.8,1.64M,-1.48%,6931.0,"40,02M","-1,06%",220.7,14.32M,-0.68%
2021-10-21,1628.0,1.72M,0.01%,7032.0,"51,94M","1,46%",225.92,27.85M,2.37%
2021-10-22,1621.0,1.25M,-0.43%,7021.0,"30,69M","-0,16%",225.48,14.52M,-0.19%
2021-10-25,1632.2,1.14M,0.69%,6852.0,"64,27M","-2,41%",228.84,12.87M,1.49%
2021-10-26,1633.4,1.47M,0.07%,6850.0,"36,17M","-0,03%",231.1,20.65M,0.99%
2021-10-27,1630.0,973.34K,-0.21%,6751.0,"22,74M","-1,45%",228.82,11.92M,-0.99%
2021-10-28,1619.4,1.95M,-0.65%,6631.0,"44,44M","-1,78%",225.68,17.30M,-1.37%
2021-10-29,1614.2,1.06M,-0.32%,6593.0,"38,00M","-0,57%",223.6,8.51M,-0.92%
2021-11-01,1662.4,1.19M,2.99%,6717.0,"16,50M","1,87%",227.68,9.18M,1.82%
2021-11-02,1647.4,976.34K,-0.90%,6543.0,"26,56M","-2,58%",225.0,7.97M,-1.18%
2021-11-03,1651.0,703.63K,0.22%,6515.0,"17,14M","-0,42%",224.7,8.59M,-0.13%
2021-11-05,1632.2,996.54K,-1.14%,6369.0,"27,94M","-2,25%",221.62,10.12M,-1.37%
2021-11-08,1665.8,1.09M,2.06%,6430.0,"18,46M","0,96%",223.22,12.43M,0.72%
2021-11-09,1674.6,1.22M,0.53%,6460.0,"28,96M","0,47%",227.1,16.42M,1.74%
2021-11-10,1641.0,1.22M,-2.01%,6385.0,"18,98M","-1,16%",221.76,11.79M,-2.35%
2021-11-11,1666.0,1.09M,1.52%,6401.0,"19,64M","0,26%",224.7,12.08M,1.33%
2021-11-12,1676.4,1.26M,0.62%,6356.0,"21,34M","-0,72%",220.98,14.87M,-1.66%
2021-11-15,1667.4,894.13K,-0.54%,6298.0,"29,90M","-0,90%",221.28,14.57M,0.14%
2021-11-16,1669.4,708.59K,0.12%,6186.0,"37,44M","-1,78%",222.5,8.38M,0.55%
2021-11-17,1671.4,717.43K,0.12%,6206.0,"18,96M","0,32%",223.3,6.24M,0.36%
2021-11-18,1695.0,1.27M,1.41%,6527.0,"55,72M","5,18%",224.68,11.19M,0.62%
2021-11-19,1673.8,1.14M,-1.25%,6413.0,"35,65M","-1,75%",222.56,7.97M,-0.94%
2021-11-22,1663.6,1.56M,-0.61%,6244.0,"23,64M","-2,64%",219.2,16.17M,-1.51%
2021-11-23,1667.8,1.97M,0.25%,6313.0,"56,67M","1,12%",222.8,15.52M,1.64%
2021-11-24,1655.2,882.05K,-0.76%,6243.0,"16,86M","-1,12%",222.68,11.96M,-0.05%
2021-11-25,1656.2,438.71K,0.06%,6286.0,"7,65M","0,69%",223.3,5.45M,0.28%
2021-11-26,1592.4,1.27M,-3.85%,6116.0,"17,04M","-2,70%",217.34,12.40M,-2.67%
2021-11-29,1621.2,807.20K,1.81%,6119.0,"28,57M","0,06%",220.1,11.26M,1.27%
2021-11-30,1564.6,3.06M,-3.49%,5966.0,"41,43M","-2,51%",217.08,23.08M,-1.37%
2021-12-01,1563.0,1.41M,-0.10%,6020.0,"37,79M","0,91%",216.22,14.87M,-0.40%
2021-12-02,1587.4,1.13M,1.56%,6249.0,"30,53M","3,80%",218.34,12.65M,0.98%
2021-12-03,1570.2,1.22M,-1.08%,6245.0,"26,47M","-0,06%",219.4,22.90M,0.49%
2021-12-06,1556.0,1.06M,-0.90%,6154.0,"18,22M","-1,45%",206.9,14.50M,-5.70%
2021-12-07,1603.4,1.39M,3.05%,6158.0,"21,09M","0,06%",208.36,16.81M,0.71%
2021-12-08,1595.6,1.69M,-0.49%,6215.0,"34,58M","0,93%",207.8,10.32M,-0.27%
2021-12-09,1589.8,1.53M,-0.36%,6378.0,"31,14M","2,61%",211.18,13.85M,1.63%
2021-12-10,1595.6,2.07M,0.36%,6420.0,"23,42M","0,67%",212.2,10.76M,0.48%
2021-12-13,1482.8,2.12M,-7.07%,6171.0,"27,15M","-3,88%",204.1,11.59M,-3.82%
2021-12-14,1466.2,2.35M,-1.12%,6114.0,"32,40M","-0,92%",199.8,21.75M,-2.11%
2021-12-15,1452.2,1.67M,-0.95%,6256.0,"29,75M","2,32%",202.78,8.87M,1.49%
2021-12-16,1507.0,1.58M,3.77%,6340.0,"33,58M","1,35%",209.5,13.92M,3.31%
2021-12-17,1502.8,1.10M,-0.28%,6486.0,"22,79M","2,29%",210.7,10.41M,0.57%
2021-12-20,1512.0,1.04M,0.61%,6514.0,"25,98M","0,43%",214.8,14.06M,1.95%
2021-12-21,1545.4,1.06M,2.21%,6504.0,"22,02M","-0,16%",212.3,11.14M,-1.16%
2021-12-22,1561.0,884.19K,1.01%,6626.0,"21,11M","1,88%",210.84,5.80M,-0.69%
2021-12-23,1561.0,936.11K,0.00%,6666.0,"20,29M","0,60%",211.18,6.43M,0.16%
2021-12-24,1578.0,462.77K,1.09%,6674.0,"15,37M","0,12%",212.4,3.79M,0.58%
2021-12-27,1588.6,560.75K,0.67%,6836.0,"17,70M","2,42%",214.6,4.54M,1.04%
2021-12-28,1587.6,1.33M,-0.06%,6901.0,"22,89M","0,96%",215.76,8.35M,0.54%
2021-12-29,1570.4,1.05M,-1.08%,6876.0,"15,92M","-0,36%",215.02,4.07M,-0.34%
2021-12-30,1604.2,863.01K,2.15%,6965.0,"19,73M","1,29%",217.04,6.19M,0.94%
2022-01-03,1619.8,455.40K,0.97%,7083.0,"12,30M","1,70%",218.68,4.19M,0.76%
2022-01-04,1603.4,515.50K,-1.01%,7140.0,"16,82M","0,80%",218.4,6.52M,-0.13%
2022-01-05,1575.2,755.21K,-1.76%,6918.0,"23,47M","-3,12%",213.62,5.96M,-2.19%
2022-01-06,1584.0,562.49K,0.56%,7117.0,"24,86M","2,88%",213.82,9.23M,0.09%
2022-01-10,1554.6,941.33K,-1.86%,7040.0,"37,94M","-1,08%",212.32,5.67M,-0.70%
2022-01-11,1572.4,1.00M,1.14%,6996.0,"41,00M","-0,63%",217.28,9.42M,2.34%
2022-01-12,1591.2,840.07K,1.20%,6789.0,"38,33M","-2,96%",220.58,8.10M,1.52%
2022-01-13,1570.4,1.30M,-1.31%,6738.0,"42,91M","-0,75%",219.02,10.26M,-0.71%
2022-01-14,1551.8,1.67M,-1.18%,6600.0,"52,60M","-2,05%",214.0,12.60M,-2.29%
2022-01-17,1514.8,1.15M,-2.38%,6450.0,"33,22M","-2,27%",211.5,9.45M,-1.17%
2022-01-18,1460.4,2.30M,-3.59%,6049.0,"68,61M","-6,22%",205.7,19.66M,-2.74%
2022-01-19,1480.6,3.72M,1.38%,6292.0,"66,45M","4,01%",210.22,19.71M,2.20%
2022-01-20,1482.8,1.52M,0.15%,6200.0,"44,00M","-1,45%",209.76,10.26M,-0.22%
2022-01-21,1480.0,1.48M,-0.19%,6219.0,"32,78M","0,30%",206.88,12.27M,-1.37%
2022-01-24,1416.0,2.26M,-4.32%,5842.0,"75,85M","-6,05%",196.44,20.22M,-5.05%
2022-01-25,1423.8,1.79M,0.55%,5665.0,"92,72M","-3,04%",198.34,13.27M,0.97%
2022-01-26,1428.0,1.73M,0.29%,5619.0,"46,88M","-0,80%",202.02,14.02M,1.86%
2022-01-27,1467.6,2.15M,2.77%,5910.0,"49,72M","5,17%",208.56,11.23M,3.24%
2022-01-28,1475.6,1.28M,0.55%,6035.0,"38,98M","2,12%",210.72,7.38M,1.04%
2022-01-31,1511.0,1.26M,2.40%,6165.0,"33,28M","2,15%",213.34,7.68M,1.24%
2022-02-01,1540.0,1.27M,1.92%,6063.0,"43,87M","-1,65%",215.3,7.22M,0.92%
2022-02-02,1567.8,1.42M,1.81%,6135.0,"31,05M","1,19%",219.78,13.07M,2.08%
2022-02-03,1558.4,1.04M,-0.60%,6073.0,"33,58M","-1,01%",216.18,13.89M,-1.64%
2022-02-04,1560.6,1.39M,0.14%,5980.0,"38,74M","-1,53%",216.76,9.53M,0.27%
2022-02-07,1559.0,1.20M,-0.10%,6014.0,"31,68M","0,57%",220.54,16.41M,1.74%
2022-02-08,1627.0,1.54M,4.36%,6325.0,"52,50M","5,17%",226.76,16.23M,2.82%
2022-02-09,1675.2,2.13M,2.96%,6631.0,"53,12M","4,83%",232.5,18.17M,2.53%
2022-02-10,1649.0,1.87M,-1.56%,6460.0,"36,22M","-2,57%",226.7,18.41M,-2.49%
2022-02-11,1599.2,1.70M,-3.02%,6230.0,"45,19M","-3,56%",221.46,15.43M,-2.31%
2022-02-14,1619.0,3.24M,1.24%,6354.0,"45,74M","1,99%",228.02,15.81M,2.96%
2022-02-15,1651.0,1.38M,1.98%,6570.0,"30,08M","3,40%",233.04,15.82M,2.20%
2022-02-16,1669.0,1.04M,1.09%,6510.0,"34,60M","-0,91%",235.7,8.91M,1.14%
2022-02-17,1612.8,2.26M,-3.37%,6231.0,"57,05M","-4,29%",227.52,15.81M,-3.47%
2022-02-18,1636.0,2.99M,1.44%,6149.0,"63,26M","-1,32%",226.9,15.29M,-0.27%
2022-02-21,1494.2,5.51M,-8.67%,5250.0,"105,06M","-14,61%",200.98,36.90M,-11.42%
2022-02-22,1604.8,4.80M,7.40%,5730.0,"126,91M","9,14%",220.04,30.43M,9.48%
2022-02-24,1250.0,7.25M,-22.11%,4842.0,"104,65M","-15,49%",180.68,30.19M,-17.89%
2022-02-25,1315.0,2.06M,5.20%,4767.0,"46,99M","-1,55%",177.5,22.10M,-1.76%
2022-02-28,1315.2,,0.02%,,,,,,
2022-03-24,1280.0,2.67M,-2.68%,4761.0,"90,68M","-0,14%",183.0,11.80M,3.10%
2022-03-25,1160.4,577.92K,-9.34%,4380.0,"10,68M","-8,00%",173.0,2.46M,-5.46%
2022-03-28,1053.8,606.03K,-9.19%,4223.0,"10,74M","-3,58%",163.5,2.15M,-5.49%
2022-03-29,1013.8,700.14K,-3.80%,4180.0,"10,39M","-1,02%",158.02,4.22M,-3.35%
2022-03-30,1058.0,448.62K,4.36%,4300.0,"9,57M","2,87%",167.0,2.62M,5.68%
2022-03-31,1100.0,1.17M,3.97%,4390.0,"32,04M","2,09%",171.9,6.57M,2.93%
2022-04-01,1192.6,1.08M,8.42%,4560.0,"32,90M","3,87%",173.2,7.91M,0.76%
2022-04-04,1185.0,852.42K,-0.64%,4536.0,"16,11M","-0,53%",171.9,3.97M,-0.75%
2022-04-05,1093.0,1.03M,-7.76%,4285.0,"19,68M","-5,53%",162.5,3.85M,-5.47%
2022-04-06,1061.8,1.13M,-2.85%,4284.0,"9,70M","-0,02%",160.5,2.41M,-1.23%
2022-04-07,1066.0,713.26K,0.40%,4371.0,"11,32M","2,03%",160.52,1.73M,0.01%
2022-04-08,1067.8,365.48K,0.17%,4288.0,"6,45M","-1,90%",161.14,1.29M,0.39%
2022-04-11,1018.0,650.82K,-4.66%,4190.0,"8,99M","-2,29%",157.2,1.98M,-2.45%
2022-04-12,1035.6,712.41K,1.73%,4233.0,"6,41M","1,01%",155.44,1.69M,-1.12%
2022-04-13,1013.4,337.36K,-2.14%,4186.0,"3,71M","-1,10%",155.0,1.21M,-0.28%
2022-04-14,975.6,375.01K,-3.73%,3990.0,"7,45M","-4,67%",150.2,1.46M,-3.10%
2022-04-15,971.0,421.50K,-0.47%,3980.0,"6,53M","-0,26%",155.22,2.26M,3.34%
2022-04-18,973.6,271.58K,0.27%,3958.0,"4,43M","-0,55%",148.0,1.24M,-4.65%
2022-04-19,1003.4,539.46K,3.06%,3980.0,"12,07M","0,56%",149.16,1.76M,0.78%
2022-04-20,1045.0,712.46K,4.15%,4050.0,"11,46M","1,76%",156.5,2.64M,4.92%
2022-04-21,1045.0,567.42K,0.00%,4171.0,"10,66M","2,98%",155.0,1.59M,-0.96%
2022-04-22,1061.8,406.83K,1.61%,4200.0,"10,82M","0,71%",155.86,1.83M,0.55%
2022-04-25,1055.0,236.75K,-0.64%,4150.0,"5,61M","-1,19%",152.78,1.18M,-1.98%
2022-04-26,1069.8,405.59K,1.40%,4247.0,"7,07M","2,35%",157.98,1.31M,3.40%
2022-04-27,1080.0,342.23K,0.95%,4353.0,"6,84M","2,48%",158.16,1.19M,0.11%
2022-04-28,1059.8,362.51K,-1.87%,4365.0,"10,60M","0,28%",157.24,1.92M,-0.58%
2022-04-29,1095.0,292.13K,3.32%,4493.0,"8,28M","2,93%",158.6,1.78M,0.86%
2022-05-04,1081.0,302.05K,-1.28%,4401.0,"4,43M","-2,06%",155.0,796.49K,-2.27%
2022-05-05,1102.0,207.89K,1.94%,4458.0,"3,39M","1,32%",157.94,700.78K,1.90%
2022-05-06,1108.0,172.99K,0.54%,4390.0,"4,03M","-1,53%",162.0,853.33K,2.57%
2022-05-11,1125.0,304.63K,1.53%,4440.0,"3,57M","1,13%",159.38,1.08M,-1.62%
2022-05-12,1092.6,289.58K,-2.88%,4270.0,"3,70M","-3,83%",156.0,927.77K,-2.12%
2022-05-13,1082.2,257.61K,-0.95%,4269.0,"2,51M","-0,02%",155.1,602.34K,-0.58%
2022-05-16,1105.4,283.54K,2.14%,4353.0,"3,76M","1,98%",160.0,923.88K,3.16%
2022-05-17,1114.0,213.98K,0.78%,4470.0,"4,75M","2,68%",159.0,1.20M,-0.63%
2022-05-18,1144.0,400.26K,2.69%,4575.0,"8,35M","2,35%",160.3,2.56M,0.82%
2022-05-19,1150.6,283.21K,0.58%,4501.0,"4,10M","-1,63%",161.62,936.86K,0.82%
2022-05-20,1111.6,318.25K,-3.39%,4335.0,"8,96M","-3,69%",155.94,1.54M,-3.51%
2022-05-23,1051.0,397.14K,-5.45%,4088.0,"12,75M","-5,70%",151.36,1.23M,-2.94%
2022-05-24,1004.0,697.35K,-4.47%,3837.0,"24,41M","-6,13%",147.0,1.61M,-2.88%
2022-05-25,1046.0,298.03K,4.18%,3920.0,"8,01M","2,16%",150.5,934.81K,2.38%
2022-05-26,1042.0,399.67K,-0.38%,3892.0,"10,46M","-0,73%",150.78,1.29M,0.19%
2022-05-27,1035.0,358.44K,-0.67%,3874.0,"5,81M","-0,44%",149.86,1.22M,-0.61%
2022-05-30,1004.8,482.17K,-2.92%,3695.0,"13,99M","-4,63%",145.52,2.66M,-2.90%
2022-05-31,974.8,405.05K,-2.99%,3571.0,"11,36M","-3,36%",144.3,1.23M,-0.84%
2022-06-01,962.8,468.89K,-1.23%,3555.0,"10,92M","-0,45%",142.2,2.68M,-1.46%
2022-06-02,815.8,3.70M,-15.27%,3489.0,"12,23M","-1,86%",136.26,2.52M,-4.18%
2022-06-03,711.0,11.74M,-12.85%,3302.0,"41,63M","-5,36%",130.02,7.32M,-4.58%
2022-06-06,716.8,4.19M,0.82%,3148.0,"20,24M","-4,68%",129.5,1.82M,-0.40%
2022-06-07,717.4,1.70M,0.08%,3138.0,"24,32M","-0,30%",131.98,4.69M,1.92%
2022-06-08,731.8,1.94M,2.01%,3203.0,"11,43M","2,06%",133.88,2.22M,1.44%
2022-06-09,714.0,957.64K,-2.43%,3090.0,"9,71M","-3,53%",129.78,2.64M,-3.06%
2022-06-10,721.0,718.36K,0.98%,3078.0,"6,70M","-0,36%",130.7,1.75M,0.71%
2022-06-14,720.0,563.64K,-0.14%,3082.0,"5,92M","0,11%",129.84,1.55M,-0.66%
2022-06-15,726.0,557.77K,0.83%,3207.0,"11,47M","4,06%",128.78,1.81M,-0.82%
2022-06-16,741.4,804.02K,2.12%,3320.0,"17,68M","3,52%",131.0,2.76M,1.72%
2022-06-17,735.0,699.38K,-0.86%,3328.0,"10,53M","0,23%",130.12,1.27M,-0.67%
2022-06-20,768.0,1.32M,4.49%,3430.0,"16,10M","3,08%",134.38,2.52M,3.27%
2022-06-21,770.6,1.51M,0.34%,3449.0,"15,75M","0,55%",134.3,4.05M,-0.06%
2022-06-22,785.8,870.47K,1.97%,3389.0,"11,72M","-1,74%",134.86,1.90M,0.42%
2022-06-23,807.0,925.68K,2.70%,3485.0,"12,89M","2,85%",137.0,2.11M,1.59%
2022-06-24,818.6,1.47M,1.44%,3385.0,"18,81M","-2,90%",135.9,1.98M,-0.80%
2022-06-27,832.6,591.47K,1.71%,3350.0,"13,11M","-1,02%",136.0,1.40M,0.07%
2022-06-28,810.8,636.37K,-2.62%,3301.0,"11,62M","-1,46%",134.0,1.38M,-1.47%
2022-06-29,840.0,1.16M,3.60%,3340.0,"14,31M","1,20%",137.78,2.60M,2.82%
2022-06-30,830.0,1.25M,-1.19%,3210.0,"18,18M","-3,92%",133.4,3.83M,-3.18%
2022-07-01,830.0,824.58K,0.00%,3238.0,"10,43M","0,89%",133.1,3.33M,-0.22%
2022-07-04,846.8,440.13K,2.02%,3131.0,"9,61M","-3,30%",135.5,1.61M,1.80%
2022-07-05,832.0,634.59K,-1.75%,3109.0,"14,10M","-0,69%",136.5,1.54M,0.74%
2022-07-06,831.2,389.15K,-0.10%,3216.0,"22,97M","3,42%",138.9,2.52M,1.76%
2022-07-07,823.8,346.11K,-0.89%,3225.0,"17,11M","0,28%",138.38,1.26M,-0.37%
2022-07-08,821.4,229.77K,-0.29%,3150.0,"10,06M","-2,33%",138.0,945.84K,-0.27%
2022-07-11,808.6,297.26K,-1.56%,3075.0,"11,84M","-2,37%",136.52,1.02M,-1.07%
2022-07-12,779.8,541.47K,-3.56%,2999.0,"15,34M","-2,49%",132.52,1.48M,-2.93%
2022-07-13,756.4,581.53K,-3.00%,2855.0,"24,27M","-4,80%",129.8,1.65M,-2.05%
2022-07-14,743.6,353.34K,-1.69%,2797.0,"18,93M","-2,03%",127.14,1.57M,-2.05%
2022-07-15,739.8,564.69K,-0.51%,2750.0,"32,99M","-1,70%",129.78,1.87M,2.08%
2022-07-18,722.2,355.02K,-2.38%,2711.0,"13,96M","-1,40%",125.46,1.56M,-3.33%
2022-07-19,715.0,543.88K,-1.00%,2656.0,"25,38M","-2,03%",123.2,2.87M,-1.80%
2022-07-20,702.8,811.69K,-1.71%,2617.0,"18,73M","-1,45%",119.98,3.29M,-2.61%
2022-07-21,683.0,1.02M,-2.82%,2573.0,"18,60M","-1,72%",115.88,3.24M,-3.42%
2022-07-22,689.6,690.10K,0.97%,2653.0,"14,14M","3,13%",117.44,1.98M,1.35%
2022-07-25,695.0,801.23K,0.78%,2684.0,"10,72M","1,17%",118.72,2.93M,1.09%
2022-07-26,723.0,692.55K,4.03%,2746.0,"11,90M","2,31%",123.1,1.86M,3.69%
2022-07-27,742.4,1.19M,2.68%,2754.0,"15,65M","0,29%",125.56,4.58M,2.00%
2022-07-28,720.0,1.12M,-3.02%,2661.0,"19,07M","-3,38%",125.5,6.16M,-0.05%
2022-07-29,733.8,652.10K,1.92%,2647.0,"20,38M","-0,53%",130.0,2.39M,3.59%
2022-08-01,732.0,1.07M,-0.25%,2780.0,"73,36M","5,02%",131.7,10.76M,1.31%
2022-08-02,725.4,583.95K,-0.90%,2659.0,"37,10M","-4,35%",130.0,2.76M,-1.29%
2022-08-03,696.0,741.88K,-4.05%,2412.0,"154,78M","-9,29%",125.04,2.87M,-3.82%
2022-08-04,698.4,421.87K,0.34%,2392.0,"36,66M","-0,83%",124.5,2.49M,-0.43%
2022-08-05,680.0,667.56K,-2.63%,2346.0,"30,66M","-1,92%",120.1,2.63M,-3.53%
2022-08-08,683.6,529.46K,0.53%,2381.0,"20,11M","1,49%",118.74,2.96M,-1.13%
2022-08-09,707.6,686.74K,3.51%,2427.0,"20,91M","1,93%",119.18,4.25M,0.37%
2022-08-10,698.0,425.10K,-1.36%,2455.0,"29,71M","1,15%",118.5,3.13M,-0.57%
2022-08-11,705.0,578.83K,1.00%,2528.0,"40,02M","2,97%",117.68,3.52M,-0.69%
2022-08-12,700.0,310.78K,-0.71%,2607.0,"25,24M","3,12%",117.16,4.02M,-0.44%
2022-08-15,708.2,422.71K,1.17%,2701.0,"29,91M","3,62%",117.96,2.90M,0.68%
2022-08-16,713.6,612.00K,0.76%,2710.0,"29,44M","0,31%",118.0,4.27M,0.03%
2022-08-17,702.0,465.31K,-1.63%,2673.0,"18,88M","-1,38%",116.2,3.44M,-1.53%
2022-08-18,699.4,244.82K,-0.37%,2641.0,"14,11M","-1,18%",115.26,3.69M,-0.81%
2022-08-19,703.4,310.36K,0.57%,2700.0,"13,67M","2,23%",114.9,4.05M,-0.31%
2022-08-22,708.0,255.55K,0.65%,2690.0,"11,87M","-0,37%",116.46,3.28M,1.36%
2022-08-23,712.0,275.31K,0.56%,2710.0,"11,25M","0,76%",116.88,2.45M,0.36%
2022-08-24,710.0,277.27K,-0.28%,2697.0,"5,39M","-0,52%",117.48,1.69M,0.51%
2022-08-25,705.8,301.82K,-0.59%,2682.0,"10,93M","-0,54%",115.2,4.17M,-1.94%
2022-08-26,712.6,167.46K,0.96%,2728.0,"7,50M","1,72%",115.0,3.94M,-0.17%
2022-08-29,739.0,758.04K,3.70%,2816.0,"18,31M","3,23%",116.5,3.94M,1.30%
2022-08-30,743.8,772.51K,0.65%,2826.0,"26,47M","0,37%",118.86,8.20M,2.03%
2022-08-31,754.8,735.14K,1.48%,2922.0,"18,46M","3,38%",120.66,5.45M,1.51%
2022-09-01,742.4,436.95K,-1.64%,2941.0,"12,48M","0,63%",118.0,5.26M,-2.20%
2022-09-02,774.4,806.25K,4.31%,3000.0,"13,19M","2,02%",122.5,5.49M,3.81%
2022-09-05,798.0,793.86K,3.05%,3040.0,"12,47M","1,33%",126.0,4.69M,2.86%
2022-09-06,787.8,1.35M,-1.28%,2917.0,"27,46M","-4,05%",121.1,6.62M,-3.89%
2022-09-07,785.0,645.33K,-0.36%,2875.0,"12,35M","-1,46%",118.84,6.11M,-1.87%
2022-09-08,774.4,546.51K,-1.35%,2866.0,"12,63M","-0,30%",116.8,4.79M,-1.72%
2022-09-09,782.8,489.10K,1.08%,2899.0,"9,09M","1,13%",117.76,6.41M,0.82%
2022-09-12,780.0,624.53K,-0.36%,2973.0,"14,69M","2,57%",119.78,7.28M,1.72%
2022-09-13,777.8,442.49K,-0.28%,2944.0,"10,41M","-0,96%",118.34,4.81M,-1.20%
2022-09-14,769.6,576.11K,-1.05%,2927.0,"11,09M","-0,59%",117.84,4.32M,-0.42%
2022-09-15,775.2,630.76K,0.73%,2978.0,"11,82M","1,76%",118.84,3.80M,0.85%
2022-09-16,781.4,389.70K,0.80%,3023.0,"16,83M","1,49%",117.14,5.27M,-1.43%
2022-09-19,782.4,335.18K,0.13%,2997.0,"15,65M","-0,88%",116.7,3.90M,-0.38%
2022-09-20,728.6,1.26M,-6.88%,2822.0,"48,76M","-5,82%",108.82,14.20M,-6.75%
2022-09-21,700.8,967.64K,-3.82%,2718.0,"22,12M","-3,69%",100.42,12.42M,-7.72%
2022-09-22,724.2,730.89K,3.34%,2823.0,"16,46M","3,86%",100.5,7.10M,0.08%
2022-09-23,700.4,816.48K,-3.29%,2550.0,"56,42M","-9,67%",91.62,14.33M,-8.84%
2022-09-26,606.0,1.78M,-13.48%,2316.0,"51,15M","-9,18%",77.3,19.46M,-15.63%
2022-09-27,624.4,851.63K,3.04%,2341.0,"43,48M","1,08%",81.88,10.86M,5.92%
2022-09-28,616.6,552.86K,-1.25%,2318.0,"28,23M","-0,96%",81.7,11.31M,-0.22%
2022-09-29,580.8,1.01M,-5.81%,2261.0,"24,73M","-2,46%",78.06,8.65M,-4.46%
2022-09-30,622.0,1.44M,7.09%,2424.0,"48,25M","7,19%",84.9,18.43M,8.76%
2022-10-03,634.2,816.40K,1.96%,2600.0,"33,12M","7,26%",86.76,12.09M,2.19%
2022-10-04,610.2,629.94K,-3.78%,2529.0,"22,21M","-2,73%",83.3,10.88M,-3.99%
2022-10-05,595.0,829.32K,-2.49%,2522.0,"25,53M","-0,28%",80.42,11.66M,-3.46%
2022-10-06,591.0,403.89K,-0.67%,2493.0,"12,77M","-1,15%",78.22,13.51M,-2.74%
2022-10-07,572.6,496.87K,-3.11%,2402.0,"14,63M","-3,65%",73.9,13.89M,-5.52%
2022-10-10,592.6,768.83K,3.49%,2535.0,"28,62M","5,54%",78.12,13.72M,5.71%
2022-10-11,600.6,891.18K,1.35%,2628.0,"21,02M","3,67%",82.8,14.88M,5.99%
2022-10-12,596.0,481.75K,-0.77%,2642.0,"22,29M","0,53%",82.3,6.84M,-0.60%
2022-10-13,590.6,324.23K,-0.91%,2614.0,"15,47M","-1,08%",82.42,3.97M,0.15%
2022-10-14,616.0,1.51M,4.30%,2616.0,"15,73M","0,08%",82.46,7.20M,0.05%
2022-10-17,655.4,2.17M,6.40%,2814.0,"35,04M","7,57%",87.72,12.33M,6.38%
2022-10-18,644.0,1.69M,-1.74%,2758.0,"32,09M","-1,99%",84.94,10.14M,-3.17%
2022-10-19,653.8,1.13M,1.52%,2667.0,"48,45M","-3,28%",85.28,5.17M,0.40%
2022-10-20,687.0,1.27M,5.08%,2804.0,"45,56M","5,14%",89.3,9.75M,4.71%
2022-10-21,732.2,2.02M,6.58%,2881.0,"47,64M","2,73%",94.32,15.86M,5.62%
2022-10-24,727.6,1.36M,-0.63%,2953.0,"48,45M","2,52%",93.46,9.12M,-0.91%
2022-10-25,757.2,900.73K,4.07%,2985.0,"25,98M","1,08%",96.28,7.47M,3.02%
2022-10-26,779.6,1.65M,2.96%,3055.0,"32,41M","2,33%",100.2,11.58M,4.07%
2022-10-27,826.4,2.40M,6.00%,3235.0,"54,81M","5,91%",105.58,18.25M,5.37%
2022-10-28,816.4,1.68M,-1.21%,3203.0,"28,39M","-0,99%",105.98,10.42M,0.38%
2022-10-31,786.8,1.30M,-3.63%,3117.0,"25,36M","-2,68%",103.08,8.62M,-2.74%
2022-11-01,789.2,861.12K,0.31%,3108.0,"20,77M","-0,27%",103.28,6.17M,0.19%
2022-11-02,770.0,579.03K,-2.43%,3046.0,"9,67M","-2,01%",100.62,4.31M,-2.58%
2022-11-03,782.0,1.21M,1.56%,3150.0,"33,88M","3,41%",104.0,9.23M,3.36%
2022-11-07,824.0,1.55M,5.37%,3294.0,"41,81M","4,56%",109.92,12.08M,5.69%
2022-11-08,822.4,1.10M,-0.19%,3228.0,"25,75M","-1,97%",109.12,7.29M,-0.73%
2022-11-09,785.4,1.38M,-4.50%,3078.0,"33,19M","-4,65%",104.26,8.10M,-4.45%
2022-11-10,800.4,1.10M,1.91%,3122.0,"28,21M","1,41%",107.32,7.59M,2.93%
2022-11-11,798.8,483.96K,-0.20%,3098.0,"19,14M","-0,77%",107.0,4.95M,-0.30%
2022-11-14,795.2,649.31K,-0.45%,3099.0,"23,76M","0,03%",106.98,5.60M,-0.02%
2022-11-15,773.2,883.47K,-2.77%,2990.0,"29,81M","-3,53%",103.94,9.53M,-2.84%
2022-11-16,791.6,548.17K,2.38%,3050.0,"19,31M","2,04%",107.12,4.95M,3.06%
2022-11-17,785.4,343.88K,-0.78%,3016.0,"9,70M","-1,13%",105.68,3.55M,-1.34%
2022-11-18,788.2,335.82K,0.36%,3015.0,"8,67M","-0,03%",105.9,2.68M,0.21%
2022-11-21,776.2,360.21K,-1.52%,3004.0,"14,95M","-0,36%",104.32,3.58M,-1.49%
2022-11-22,789.6,579.23K,1.73%,3124.0,"40,81M","3,99%",106.84,5.26M,2.42%
2022-11-23,798.4,511.37K,1.11%,3103.0,"28,43M","-0,66%",106.74,3.97M,-0.09%
2022-11-24,792.0,411.67K,-0.80%,3092.0,"7,79M","-0,37%",106.16,2.70M,-0.54%
2022-11-25,791.6,241.50K,-0.05%,3081.0,"12,53M","-0,36%",105.4,2.74M,-0.72%
2022-11-28,791.6,271.41K,0.00%,3084.0,"13,84M","0,10%",105.76,2.62M,0.34%
2022-11-29,792.6,230.88K,0.13%,3160.0,"19,04M","2,46%",106.38,3.28M,0.59%
2022-11-30,790.8,328.96K,-0.23%,3157.0,"20,67M","-0,11%",106.48,1.86M,0.09%
2022-12-01,784.6,282.57K,-0.78%,3151.0,"8,49M","-0,16%",106.62,2.05M,0.13%
2022-12-02,778.0,487.17K,-0.84%,3124.0,"10,52M","-0,87%",105.44,2.43M,-1.11%
2022-12-05,780.4,349.68K,0.31%,3123.0,"11,46M","-0,03%",105.7,2.61M,0.25%
2022-12-06,784.0,253.96K,0.46%,3120.0,"6,85M","-0,08%",106.56,3.32M,0.81%
2022-12-07,792.2,432.93K,1.05%,3125.0,"11,50M","0,14%",105.8,2.95M,-0.71%
2022-12-08,801.0,715.62K,1.11%,3164.0,"21,77M","1,25%",107.8,5.35M,1.89%
2022-12-09,805.0,528.63K,0.50%,3155.0,"14,73M","-0,28%",106.44,5.37M,-1.26%
2022-12-12,820.6,1.02M,1.94%,3188.0,"13,56M","1,03%",107.14,4.12M,0.66%
2022-12-13,841.6,1.47M,2.56%,3220.0,"27,49M","1,02%",107.38,4.53M,0.22%
2022-12-14,838.2,611.74K,-0.40%,3194.0,"8,97M","-0,79%",108.84,5.17M,1.36%
2022-12-15,839.6,1.12M,0.17%,3134.0,"19,81M","-1,88%",107.1,4.68M,-1.60%
2022-12-16,853.8,804.16K,1.69%,3164.0,"10,69M","0,94%",108.36,2.07M,1.18%
2022-12-19,875.4,1.33M,2.53%,3293.0,"25,96M","4,08%",111.34,6.02M,2.75%
2022-12-20,885.8,1.06M,1.19%,3246.0,"58,10M","-1,43%",114.46,8.20M,2.80%
2022-12-21,869.0,1.48M,-1.90%,3185.0,"30,60M","-1,88%",114.64,6.67M,0.16%
2022-12-22,882.4,884.41K,1.54%,3189.0,"12,72M","0,13%",113.76,4.56M,-0.77%
2022-12-23,888.6,469.74K,0.70%,3187.0,"5,59M","-0,06%",114.62,3.04M,0.76%
2022-12-26,893.0,644.35K,0.50%,3208.0,"6,85M","0,64%",115.3,2.35M,0.59%
2022-12-27,907.4,588.57K,1.61%,3214.0,"6,21M","0,20%",115.94,3.60M,0.56%
2022-12-28,888.8,694.90K,-2.05%,3214.0,"8,62M","0,00%",115.56,3.13M,-0.33%
2022-12-29,888.2,327.86K,-0.07%,3221.0,"3,23M","0,22%",115.24,1.55M,-0.28%
2022-12-30,904.0,652.37K,1.78%,3287.0,"11,05M","2,03%",117.76,4.21M,2.19%
2023-01-03,897.6,358.18K,-0.71%,3340.0,"7,37M","1,61%",114.36,6.51M,-2.89%
2023-01-04,888.6,369.93K,-1.00%,3328.0,"5,69M","-0,36%",112.34,4.18M,-1.77%
2023-01-05,882.8,297.18K,-0.65%,3313.0,"4,94M","-0,45%",112.06,2.31M,-0.25%
2023-01-06,884.4,328.17K,0.18%,3336.0,"3,46M","0,71%",111.34,1.90M,-0.64%
2023-01-09,872.6,835.93K,-1.33%,3326.0,"7,42M","-0,30%",110.4,4.64M,-0.84%
2023-01-10,863.6,403.57K,-1.03%,3329.0,"9,15M","0,09%",109.22,3.62M,-1.07%
2023-01-11,879.8,422.41K,1.88%,3361.0,"8,51M","0,96%",112.1,3.47M,2.64%
2023-01-12,880.4,415.68K,0.07%,3384.0,"8,21M","0,68%",111.5,2.32M,-0.54%
2023-01-13,890.4,330.22K,1.14%,3408.0,"8,26M","0,69%",112.16,2.00M,0.59%
2023-01-16,922.0,784.45K,3.55%,3464.0,"9,23M","1,66%",114.3,4.36M,1.91%
2023-01-17,903.8,663.91K,-1.97%,3418.0,"10,59M","-1,33%",111.38,4.75M,-2.55%
2023-01-18,910.8,506.54K,0.77%,3449.0,"7,56M","0,92%",111.54,3.26M,0.14%
2023-01-19,894.2,382.66K,-1.82%,3399.0,"8,03M","-1,46%",111.5,2.79M,-0.04%
2023-01-20,887.8,574.34K,-0.72%,3378.0,"12,12M","-0,62%",111.98,1.82M,0.43%
2023-01-23,892.0,333.78K,0.47%,3405.0,"6,56M","0,80%",112.02,1.60M,0.04%
2023-01-24,875.2,442.75K,-1.88%,3391.0,"8,79M","-0,41%",111.26,1.77M,-0.68%
2023-01-25,875.2,444.43K,0.00%,3399.0,"6,28M","0,22%",111.64,1.70M,0.34%
2023-01-26,881.4,306.49K,0.71%,3394.0,"4,39M","-0,15%",112.36,1.87M,0.64%
2023-01-27,895.4,488.94K,1.59%,3433.0,"6,04M","1,15%",113.76,2.29M,1.25%
2023-01-30,912.8,688.13K,1.94%,3547.0,"26,99M","3,32%",115.16,3.01M,1.23%
2023-01-31,929.0,998.96K,1.77%,3594.0,"17,56M","1,35%",116.8,2.92M,1.42%
2023-02-01,976.6,1.66M,5.12%,3668.0,"20,40M","2,04%",118.96,5.21M,1.85%
2023-02-02,997.2,1.86M,2.11%,3795.0,"34,13M","3,46%",120.22,5.56M,1.06%
2023-02-03,1016.2,1.43M,1.91%,3813.0,"24,11M","0,49%",120.28,4.16M,0.05%
2023-02-06,1035.0,1.51M,1.85%,3840.0,"19,79M","0,71%",123.44,5.09M,2.63%
2023-02-07,1000.0,1.74M,-3.38%,3808.0,"12,49M","-0,85%",121.84,3.42M,-1.30%
2023-02-08,982.2,1.36M,-1.78%,3777.0,"12,60M","-0,81%",119.3,3.49M,-2.08%
2023-02-09,1008.6,1.63M,2.69%,3814.0,"11,61M","0,98%",122.5,4.59M,2.68%
2023-02-10,1020.6,894.15K,1.19%,3847.0,"13,53M","0,85%",125.0,7.15M,2.04%
2023-02-13,1016.0,724.12K,-0.45%,3840.0,"9,38M","-0,16%",126.7,4.23M,1.36%
2023-02-14,996.0,926.91K,-1.97%,3738.0,"18,36M","-2,66%",122.94,4.20M,-2.97%
2023-02-15,964.6,1.48M,-3.15%,3583.0,"24,52M","-4,15%",117.6,6.67M,-4.34%
2023-02-16,973.8,985.56K,0.95%,3635.0,"13,97M","1,42%",118.0,5.49M,0.34%
2023-02-17,975.6,622.29K,0.18%,3653.0,"11,18M","0,52%",117.44,4.33M,-0.47%
2023-02-20,985.0,714.83K,0.96%,3683.0,"14,35M","0,81%",117.86,3.84M,0.36%
2023-02-21,1012.8,1.38M,2.82%,3831.0,"26,62M","4,02%",121.78,6.03M,3.33%
2023-02-22,1025.8,1.30M,1.28%,3880.0,"18,47M","1,28%",120.94,4.05M,-0.69%
2023-02-24,1041.6,993.88K,1.54%,3883.0,"19,28M","0,06%",120.0,3.08M,-0.78%
2023-02-27,1061.0,1.12M,1.86%,3910.0,"14,42M","0,70%",124.06,6.00M,3.38%
2023-02-28,1055.0,1.03M,-0.57%,3907.0,"11,01M","-0,06%",125.2,5.40M,0.92%
2023-03-01,1060.4,647.38K,0.51%,3947.0,"9,53M","1,02%",127.98,5.70M,2.22%
2023-03-02,1049.0,1.09M,-1.08%,3894.0,"21,41M","-1,34%",126.14,6.61M,-1.44%
2023-03-03,1063.4,400.02K,1.37%,3968.0,"9,96M","1,90%",128.32,2.94M,1.73%
2023-03-06,1053.0,683.46K,-0.98%,3999.0,"16,74M","0,77%",126.96,5.01M,-1.06%
2023-03-07,1055.8,519.46K,0.27%,4067.0,"19,41M","1,70%",126.38,3.38M,-0.46%
2023-03-09,1052.6,437.91K,-0.30%,4131.0,"24,12M","1,59%",126.46,2.63M,0.06%
2023-03-10,1052.2,637.77K,-0.04%,4211.0,"22,62M","1,94%",126.64,2.66M,0.14%
2023-03-13,1042.0,723.20K,-0.97%,4151.0,"24,48M","-1,41%",124.92,4.50M,-1.36%
2023-03-14,1036.0,554.68K,-0.58%,4128.0,"13,33M","-0,57%",125.7,2.72M,0.62%
2023-03-15,1019.4,844.08K,-1.60%,4090.0,"12,44M","-0,92%",123.82,3.35M,-1.50%
2023-03-16,1028.4,856.84K,0.88%,4025.0,"29,93M","-1,59%",124.14,3.42M,0.26%
2023-03-17,1033.6,671.77K,0.51%,3989.0,"32,37M","-0,89%",125.1,3.99M,0.77%
2023-03-20,1060.0,897.83K,2.55%,4015.0,"25,53M","0,66%",127.58,5.78M,1.98%
2023-03-21,1038.6,618.43K,-2.02%,3960.0,"19,53M","-1,39%",126.08,3.45M,-1.18%
2023-03-22,1046.8,415.70K,0.79%,3935.0,"13,83M","-0,62%",125.1,1.49M,-0.78%
2023-03-23,1039.2,289.63K,-0.73%,3915.0,"15,02M","-0,50%",126.2,2.88M,0.88%
2023-03-24,1034.6,360.85K,-0.44%,3890.0,"13,86M","-0,64%",126.5,1.26M,0.24%
2023-03-27,1039.8,410.74K,0.50%,3940.0,"20,95M","1,26%",128.18,2.81M,1.33%
2023-03-28,1038.0,269.09K,-0.17%,3915.0,"17,02M","-0,62%",127.54,2.27M,-0.50%
2023-03-29,1074.6,1.79M,3.53%,4060.0,"48,70M","3,70%",131.84,10.37M,3.37%
2023-03-30,1061.0,1.30M,-1.27%,4024.0,"27,14M","-0,87%",130.6,4.85M,-0.94%
2023-03-31,1043.2,571.72K,-1.68%,3969.0,"18,23M","-1,38%",129.32,3.54M,-0.98%
